Date,Simulated Returns
1/1/01,#N/A
1/2/01,#N/A
1/3/01,#N/A
1/4/01,#N/A
1/5/01,#N/A
1/8/01,#N/A
1/9/01,#N/A
1/10/01,#N/A
1/11/01,#N/A
1/12/01,#N/A
1/15/01,#N/A
1/16/01,#N/A
1/17/01,#N/A
1/18/01,#N/A
1/19/01,#N/A
1/22/01,#N/A
1/23/01,#N/A
1/24/01,#N/A
1/25/01,#N/A
1/26/01,#N/A
1/29/01,#N/A
1/30/01,#N/A
1/31/01,#N/A
2/1/01,#N/A
2/2/01,#N/A
2/5/01,#N/A
2/6/01,#N/A
2/7/01,#N/A
2/8/01,#N/A
2/9/01,#N/A
2/12/01,#N/A
2/13/01,#N/A
2/14/01,#N/A
2/15/01,#N/A
2/16/01,#N/A
2/19/01,#N/A
2/20/01,#N/A
2/21/01,#N/A
2/22/01,#N/A
2/23/01,#N/A
2/26/01,#N/A
2/27/01,#N/A
2/28/01,#N/A
3/1/01,#N/A
3/2/01,#N/A
3/5/01,#N/A
3/6/01,#N/A
3/7/01,#N/A
3/8/01,#N/A
3/9/01,#N/A
3/12/01,#N/A
3/13/01,#N/A
3/14/01,#N/A
3/15/01,#N/A
3/16/01,#N/A
3/19/01,#N/A
3/20/01,#N/A
3/21/01,#N/A
3/22/01,#N/A
3/23/01,#N/A
3/26/01,#N/A
3/27/01,#N/A
3/28/01,#N/A
3/29/01,#N/A
3/30/01,#N/A
4/2/01,#N/A
4/3/01,#N/A
4/4/01,#N/A
4/5/01,#N/A
4/6/01,#N/A
4/9/01,#N/A
4/10/01,#N/A
4/11/01,#N/A
4/12/01,#N/A
4/13/01,#N/A
4/16/01,#N/A
4/17/01,#N/A
4/18/01,#N/A
4/19/01,#N/A
4/20/01,#N/A
4/23/01,#N/A
4/24/01,#N/A
4/25/01,#N/A
4/26/01,#N/A
4/27/01,#N/A
4/30/01,#N/A
5/1/01,#N/A
5/2/01,#N/A
5/3/01,#N/A
5/4/01,#N/A
5/7/01,#N/A
5/8/01,#N/A
5/9/01,#N/A
5/10/01,#N/A
5/11/01,#N/A
5/14/01,#N/A
5/15/01,#N/A
5/16/01,#N/A
5/17/01,#N/A
5/18/01,#N/A
5/21/01,#N/A
5/22/01,#N/A
5/23/01,#N/A
5/24/01,#N/A
5/25/01,#N/A
5/28/01,#N/A
5/29/01,#N/A
5/30/01,#N/A
5/31/01,#N/A
6/1/01,#N/A
6/4/01,#N/A
6/5/01,#N/A
6/6/01,#N/A
6/7/01,#N/A
6/8/01,#N/A
6/11/01,#N/A
6/12/01,#N/A
6/13/01,#N/A
6/14/01,#N/A
6/15/01,#N/A
6/18/01,#N/A
6/19/01,#N/A
6/20/01,#N/A
6/21/01,#N/A
6/22/01,#N/A
6/25/01,#N/A
6/26/01,#N/A
6/27/01,#N/A
6/28/01,#N/A
6/29/01,#N/A
7/2/01,#N/A
7/3/01,#N/A
7/4/01,#N/A
7/5/01,#N/A
7/6/01,#N/A
7/9/01,#N/A
7/10/01,#N/A
7/11/01,#N/A
7/12/01,#N/A
7/13/01,#N/A
7/16/01,#N/A
7/17/01,#N/A
7/18/01,#N/A
7/19/01,#N/A
7/20/01,#N/A
7/23/01,#N/A
7/24/01,#N/A
7/25/01,#N/A
7/26/01,#N/A
7/27/01,#N/A
7/30/01,#N/A
7/31/01,#N/A
8/1/01,#N/A
8/2/01,#N/A
8/3/01,#N/A
8/6/01,#N/A
8/7/01,#N/A
8/8/01,#N/A
8/9/01,#N/A
8/10/01,#N/A
8/13/01,#N/A
8/14/01,#N/A
8/15/01,#N/A
8/16/01,#N/A
8/17/01,#N/A
8/20/01,#N/A
8/21/01,#N/A
8/22/01,#N/A
8/23/01,#N/A
8/24/01,#N/A
8/27/01,#N/A
8/28/01,#N/A
8/29/01,#N/A
8/30/01,#N/A
8/31/01,#N/A
9/3/01,#N/A
9/4/01,#N/A
9/5/01,#N/A
9/6/01,#N/A
9/7/01,#N/A
9/10/01,#N/A
9/11/01,#N/A
9/12/01,#N/A
9/13/01,#N/A
9/14/01,#N/A
9/17/01,#N/A
9/18/01,#N/A
9/19/01,#N/A
9/20/01,#N/A
9/21/01,#N/A
9/24/01,#N/A
9/25/01,#N/A
9/26/01,#N/A
9/27/01,#N/A
9/28/01,#N/A
10/1/01,#N/A
10/2/01,#N/A
10/3/01,#N/A
10/4/01,#N/A
10/5/01,#N/A
10/8/01,#N/A
10/9/01,#N/A
10/10/01,#N/A
10/11/01,#N/A
10/12/01,#N/A
10/15/01,#N/A
10/16/01,#N/A
10/17/01,#N/A
10/18/01,#N/A
10/19/01,#N/A
10/22/01,#N/A
10/23/01,#N/A
10/24/01,#N/A
10/25/01,#N/A
10/26/01,#N/A
10/29/01,#N/A
10/30/01,#N/A
10/31/01,#N/A
11/1/01,#N/A
11/2/01,#N/A
11/5/01,#N/A
11/6/01,#N/A
11/7/01,#N/A
11/8/01,#N/A
11/9/01,#N/A
11/12/01,#N/A
11/13/01,#N/A
11/14/01,#N/A
11/15/01,#N/A
11/16/01,#N/A
11/19/01,#N/A
11/20/01,#N/A
11/21/01,#N/A
11/22/01,#N/A
11/23/01,#N/A
11/26/01,#N/A
11/27/01,#N/A
11/28/01,#N/A
11/29/01,#N/A
11/30/01,#N/A
12/3/01,#N/A
12/4/01,#N/A
12/5/01,#N/A
12/6/01,#N/A
12/7/01,#N/A
12/10/01,#N/A
12/11/01,#N/A
12/12/01,#N/A
12/13/01,#N/A
12/14/01,#N/A
12/17/01,#N/A
12/18/01,#N/A
12/19/01,#N/A
12/20/01,#N/A
12/21/01,#N/A
12/24/01,#N/A
12/25/01,#N/A
12/26/01,#N/A
12/27/01,#N/A
12/28/01,#N/A
12/31/01,#N/A
1/1/02,#N/A
1/2/02,#N/A
1/3/02,#N/A
1/4/02,#N/A
1/7/02,#N/A
1/8/02,#N/A
1/9/02,#N/A
1/10/02,#N/A
1/11/02,#N/A
1/14/02,#N/A
1/15/02,#N/A
1/16/02,#N/A
1/17/02,#N/A
1/18/02,#N/A
1/21/02,#N/A
1/22/02,#N/A
1/23/02,#N/A
1/24/02,#N/A
1/25/02,#N/A
1/28/02,#N/A
1/29/02,#N/A
1/30/02,#N/A
1/31/02,#N/A
2/1/02,#N/A
2/4/02,#N/A
2/5/02,#N/A
2/6/02,#N/A
2/7/02,#N/A
2/8/02,#N/A
2/11/02,#N/A
2/12/02,#N/A
2/13/02,#N/A
2/14/02,#N/A
2/15/02,#N/A
2/18/02,#N/A
2/19/02,#N/A
2/20/02,#N/A
2/21/02,#N/A
2/22/02,#N/A
2/25/02,#N/A
2/26/02,#N/A
2/27/02,#N/A
2/28/02,#N/A
3/1/02,#N/A
3/4/02,#N/A
3/5/02,#N/A
3/6/02,#N/A
3/7/02,#N/A
3/8/02,#N/A
3/11/02,#N/A
3/12/02,#N/A
3/13/02,#N/A
3/14/02,#N/A
3/15/02,#N/A
3/18/02,#N/A
3/19/02,#N/A
3/20/02,#N/A
3/21/02,#N/A
3/22/02,#N/A
3/25/02,#N/A
3/26/02,#N/A
3/27/02,#N/A
3/28/02,#N/A
3/29/02,#N/A
4/1/02,#N/A
4/2/02,#N/A
4/3/02,#N/A
4/4/02,#N/A
4/5/02,#N/A
4/8/02,#N/A
4/9/02,#N/A
4/10/02,#N/A
4/11/02,#N/A
4/12/02,#N/A
4/15/02,#N/A
4/16/02,#N/A
4/17/02,#N/A
4/18/02,#N/A
4/19/02,#N/A
4/22/02,#N/A
4/23/02,#N/A
4/24/02,#N/A
4/25/02,#N/A
4/26/02,#N/A
4/29/02,#N/A
4/30/02,#N/A
5/1/02,#N/A
5/2/02,#N/A
5/3/02,#N/A
5/6/02,#N/A
5/7/02,#N/A
5/8/02,#N/A
5/9/02,#N/A
5/10/02,#N/A
5/13/02,#N/A
5/14/02,#N/A
5/15/02,#N/A
5/16/02,#N/A
5/17/02,#N/A
5/20/02,#N/A
5/21/02,#N/A
5/22/02,#N/A
5/23/02,#N/A
5/24/02,#N/A
5/27/02,#N/A
5/28/02,#N/A
5/29/02,#N/A
5/30/02,#N/A
5/31/02,#N/A
6/3/02,#N/A
6/4/02,#N/A
6/5/02,#N/A
6/6/02,#N/A
6/7/02,#N/A
6/10/02,#N/A
6/11/02,#N/A
6/12/02,#N/A
6/13/02,#N/A
6/14/02,#N/A
6/17/02,#N/A
6/18/02,#N/A
6/19/02,#N/A
6/20/02,#N/A
6/21/02,#N/A
6/24/02,#N/A
6/25/02,#N/A
6/26/02,#N/A
6/27/02,#N/A
6/28/02,#N/A
7/1/02,#N/A
7/2/02,#N/A
7/3/02,#N/A
7/4/02,#N/A
7/5/02,#N/A
7/8/02,#N/A
7/9/02,#N/A
7/10/02,#N/A
7/11/02,#N/A
7/12/02,#N/A
7/15/02,#N/A
7/16/02,#N/A
7/17/02,#N/A
7/18/02,#N/A
7/19/02,#N/A
7/22/02,#N/A
7/23/02,#N/A
7/24/02,#N/A
7/25/02,#N/A
7/26/02,#N/A
7/29/02,#N/A
7/30/02,#N/A
7/31/02,#N/A
8/1/02,#N/A
8/2/02,#N/A
8/5/02,#N/A
8/6/02,#N/A
8/7/02,#N/A
8/8/02,#N/A
8/9/02,#N/A
8/12/02,#N/A
8/13/02,#N/A
8/14/02,#N/A
8/15/02,#N/A
8/16/02,#N/A
8/19/02,#N/A
8/20/02,#N/A
8/21/02,#N/A
8/22/02,#N/A
8/23/02,#N/A
8/26/02,#N/A
8/27/02,#N/A
8/28/02,#N/A
8/29/02,#N/A
8/30/02,#N/A
9/2/02,#N/A
9/3/02,#N/A
9/4/02,#N/A
9/5/02,#N/A
9/6/02,#N/A
9/9/02,#N/A
9/10/02,#N/A
9/11/02,#N/A
9/12/02,#N/A
9/13/02,#N/A
9/16/02,#N/A
9/17/02,#N/A
9/18/02,#N/A
9/19/02,#N/A
9/20/02,#N/A
9/23/02,#N/A
9/24/02,#N/A
9/25/02,#N/A
9/26/02,#N/A
9/27/02,#N/A
9/30/02,#N/A
10/1/02,#N/A
10/2/02,#N/A
10/3/02,#N/A
10/4/02,#N/A
10/7/02,#N/A
10/8/02,#N/A
10/9/02,#N/A
10/10/02,#N/A
10/11/02,#N/A
10/14/02,#N/A
10/15/02,#N/A
10/16/02,#N/A
10/17/02,#N/A
10/18/02,#N/A
10/21/02,#N/A
10/22/02,#N/A
10/23/02,#N/A
10/24/02,#N/A
10/25/02,#N/A
10/28/02,#N/A
10/29/02,#N/A
10/30/02,#N/A
10/31/02,#N/A
11/1/02,#N/A
11/4/02,#N/A
11/5/02,#N/A
11/6/02,#N/A
11/7/02,#N/A
11/8/02,#N/A
11/11/02,#N/A
11/12/02,#N/A
11/13/02,#N/A
11/14/02,#N/A
11/15/02,#N/A
11/18/02,#N/A
11/19/02,#N/A
11/20/02,#N/A
11/21/02,#N/A
11/22/02,#N/A
11/25/02,#N/A
11/26/02,#N/A
11/27/02,#N/A
11/28/02,#N/A
11/29/02,#N/A
12/2/02,#N/A
12/3/02,#N/A
12/4/02,#N/A
12/5/02,#N/A
12/6/02,#N/A
12/9/02,#N/A
12/10/02,#N/A
12/11/02,#N/A
12/12/02,#N/A
12/13/02,#N/A
12/16/02,#N/A
12/17/02,#N/A
12/18/02,#N/A
12/19/02,#N/A
12/20/02,#N/A
12/23/02,#N/A
12/24/02,#N/A
12/25/02,#N/A
12/26/02,#N/A
12/27/02,#N/A
12/30/02,#N/A
12/31/02,#N/A
1/1/03,#N/A
1/2/03,#N/A
1/3/03,#N/A
1/6/03,#N/A
1/7/03,#N/A
1/8/03,#N/A
1/9/03,#N/A
1/10/03,#N/A
1/13/03,#N/A
1/14/03,#N/A
1/15/03,#N/A
1/16/03,#N/A
1/17/03,#N/A
1/20/03,#N/A
1/21/03,#N/A
1/22/03,#N/A
1/23/03,#N/A
1/24/03,#N/A
1/27/03,#N/A
1/28/03,#N/A
1/29/03,#N/A
1/30/03,#N/A
1/31/03,#N/A
2/3/03,#N/A
2/4/03,#N/A
2/5/03,#N/A
2/6/03,#N/A
2/7/03,#N/A
2/10/03,#N/A
2/11/03,#N/A
2/12/03,#N/A
2/13/03,#N/A
2/14/03,#N/A
2/17/03,#N/A
2/18/03,#N/A
2/19/03,#N/A
2/20/03,#N/A
2/21/03,#N/A
2/24/03,#N/A
2/25/03,#N/A
2/26/03,#N/A
2/27/03,#N/A
2/28/03,#N/A
3/3/03,#N/A
3/4/03,#N/A
3/5/03,#N/A
3/6/03,#N/A
3/7/03,#N/A
3/10/03,#N/A
3/11/03,#N/A
3/12/03,#N/A
3/13/03,#N/A
3/14/03,#N/A
3/17/03,#N/A
3/18/03,#N/A
3/19/03,#N/A
3/20/03,#N/A
3/21/03,#N/A
3/24/03,#N/A
3/25/03,#N/A
3/26/03,#N/A
3/27/03,#N/A
3/28/03,#N/A
3/31/03,#N/A
4/1/03,#N/A
4/2/03,#N/A
4/3/03,#N/A
4/4/03,#N/A
4/7/03,#N/A
4/8/03,#N/A
4/9/03,#N/A
4/10/03,#N/A
4/11/03,#N/A
4/14/03,#N/A
4/15/03,#N/A
4/16/03,#N/A
4/17/03,#N/A
4/18/03,#N/A
4/21/03,#N/A
4/22/03,#N/A
4/23/03,#N/A
4/24/03,#N/A
4/25/03,#N/A
4/28/03,#N/A
4/29/03,#N/A
4/30/03,#N/A
5/1/03,#N/A
5/2/03,#N/A
5/5/03,#N/A
5/6/03,#N/A
5/7/03,#N/A
5/8/03,#N/A
5/9/03,#N/A
5/12/03,#N/A
5/13/03,#N/A
5/14/03,#N/A
5/15/03,#N/A
5/16/03,#N/A
5/19/03,#N/A
5/20/03,#N/A
5/21/03,#N/A
5/22/03,#N/A
5/23/03,#N/A
5/26/03,#N/A
5/27/03,#N/A
5/28/03,#N/A
5/29/03,#N/A
5/30/03,#N/A
6/2/03,#N/A
6/3/03,#N/A
6/4/03,#N/A
6/5/03,#N/A
6/6/03,#N/A
6/9/03,#N/A
6/10/03,#N/A
6/11/03,#N/A
6/12/03,#N/A
6/13/03,#N/A
6/16/03,#N/A
6/17/03,#N/A
6/18/03,#N/A
6/19/03,#N/A
6/20/03,#N/A
6/23/03,#N/A
6/24/03,#N/A
6/25/03,#N/A
6/26/03,#N/A
6/27/03,#N/A
6/30/03,#N/A
7/1/03,#N/A
7/2/03,#N/A
7/3/03,#N/A
7/4/03,#N/A
7/7/03,#N/A
7/8/03,#N/A
7/9/03,#N/A
7/10/03,#N/A
7/11/03,#N/A
7/14/03,#N/A
7/15/03,#N/A
7/16/03,#N/A
7/17/03,#N/A
7/18/03,#N/A
7/21/03,#N/A
7/22/03,#N/A
7/23/03,#N/A
7/24/03,#N/A
7/25/03,#N/A
7/28/03,#N/A
7/29/03,#N/A
7/30/03,#N/A
7/31/03,#N/A
8/1/03,#N/A
8/4/03,#N/A
8/5/03,#N/A
8/6/03,#N/A
8/7/03,#N/A
8/8/03,#N/A
8/11/03,#N/A
8/12/03,#N/A
8/13/03,#N/A
8/14/03,#N/A
8/15/03,#N/A
8/18/03,#N/A
8/19/03,#N/A
8/20/03,#N/A
8/21/03,#N/A
8/22/03,#N/A
8/25/03,#N/A
8/26/03,#N/A
8/27/03,#N/A
8/28/03,#N/A
8/29/03,#N/A
9/1/03,#N/A
9/2/03,#N/A
9/3/03,#N/A
9/4/03,#N/A
9/5/03,#N/A
9/8/03,#N/A
9/9/03,#N/A
9/10/03,#N/A
9/11/03,#N/A
9/12/03,#N/A
9/15/03,#N/A
9/16/03,#N/A
9/17/03,#N/A
9/18/03,#N/A
9/19/03,#N/A
9/22/03,#N/A
9/23/03,#N/A
9/24/03,#N/A
9/25/03,#N/A
9/26/03,#N/A
9/29/03,#N/A
9/30/03,#N/A
10/1/03,#N/A
10/2/03,#N/A
10/3/03,#N/A
10/6/03,#N/A
10/7/03,#N/A
10/8/03,#N/A
10/9/03,#N/A
10/10/03,#N/A
10/13/03,#N/A
10/14/03,#N/A
10/15/03,#N/A
10/16/03,#N/A
10/17/03,#N/A
10/20/03,#N/A
10/21/03,#N/A
10/22/03,#N/A
10/23/03,#N/A
10/24/03,#N/A
10/27/03,#N/A
10/28/03,#N/A
10/29/03,#N/A
10/30/03,#N/A
10/31/03,#N/A
11/3/03,#N/A
11/4/03,#N/A
11/5/03,#N/A
11/6/03,#N/A
11/7/03,#N/A
11/10/03,#N/A
11/11/03,#N/A
11/12/03,#N/A
11/13/03,#N/A
11/14/03,#N/A
11/17/03,#N/A
11/18/03,#N/A
11/19/03,#N/A
11/20/03,#N/A
11/21/03,#N/A
11/24/03,#N/A
11/25/03,#N/A
11/26/03,#N/A
11/27/03,#N/A
11/28/03,#N/A
12/1/03,#N/A
12/2/03,#N/A
12/3/03,#N/A
12/4/03,#N/A
12/5/03,#N/A
12/8/03,#N/A
12/9/03,#N/A
12/10/03,#N/A
12/11/03,#N/A
12/12/03,#N/A
12/15/03,#N/A
12/16/03,#N/A
12/17/03,#N/A
12/18/03,#N/A
12/19/03,#N/A
12/22/03,#N/A
12/23/03,#N/A
12/24/03,#N/A
12/25/03,#N/A
12/26/03,#N/A
12/29/03,#N/A
12/30/03,#N/A
12/31/03,#N/A
1/1/04,#N/A
1/2/04,#N/A
1/5/04,#N/A
1/6/04,#N/A
1/7/04,#N/A
1/8/04,#N/A
1/9/04,#N/A
1/12/04,#N/A
1/13/04,#N/A
1/14/04,#N/A
1/15/04,#N/A
1/16/04,#N/A
1/19/04,#N/A
1/20/04,#N/A
1/21/04,#N/A
1/22/04,#N/A
1/23/04,#N/A
1/26/04,#N/A
1/27/04,#N/A
1/28/04,#N/A
1/29/04,#N/A
1/30/04,#N/A
2/2/04,#N/A
2/3/04,#N/A
2/4/04,#N/A
2/5/04,#N/A
2/6/04,#N/A
2/9/04,#N/A
2/10/04,#N/A
2/11/04,#N/A
2/12/04,#N/A
2/13/04,#N/A
2/16/04,#N/A
2/17/04,#N/A
2/18/04,#N/A
2/19/04,#N/A
2/20/04,#N/A
2/23/04,#N/A
2/24/04,#N/A
2/25/04,#N/A
2/26/04,#N/A
2/27/04,#N/A
3/1/04,#N/A
3/2/04,#N/A
3/3/04,#N/A
3/4/04,#N/A
3/5/04,#N/A
3/8/04,#N/A
3/9/04,#N/A
3/10/04,#N/A
3/11/04,#N/A
3/12/04,#N/A
3/15/04,#N/A
3/16/04,#N/A
3/17/04,#N/A
3/18/04,#N/A
3/19/04,#N/A
3/22/04,#N/A
3/23/04,#N/A
3/24/04,#N/A
3/25/04,#N/A
3/26/04,#N/A
3/29/04,#N/A
3/30/04,#N/A
3/31/04,#N/A
4/1/04,#N/A
4/2/04,#N/A
4/5/04,#N/A
4/6/04,#N/A
4/7/04,#N/A
4/8/04,#N/A
4/9/04,#N/A
4/12/04,#N/A
4/13/04,#N/A
4/14/04,#N/A
4/15/04,#N/A
4/16/04,#N/A
4/19/04,#N/A
4/20/04,#N/A
4/21/04,#N/A
4/22/04,#N/A
4/23/04,#N/A
4/26/04,#N/A
4/27/04,#N/A
4/28/04,#N/A
4/29/04,#N/A
4/30/04,#N/A
5/3/04,#N/A
5/4/04,#N/A
5/5/04,#N/A
5/6/04,#N/A
5/7/04,#N/A
5/10/04,#N/A
5/11/04,#N/A
5/12/04,#N/A
5/13/04,#N/A
5/14/04,#N/A
5/17/04,#N/A
5/18/04,#N/A
5/19/04,#N/A
5/20/04,#N/A
5/21/04,#N/A
5/24/04,#N/A
5/25/04,#N/A
5/26/04,#N/A
5/27/04,#N/A
5/28/04,#N/A
5/31/04,#N/A
6/1/04,#N/A
6/2/04,#N/A
6/3/04,#N/A
6/4/04,#N/A
6/7/04,#N/A
6/8/04,#N/A
6/9/04,#N/A
6/10/04,#N/A
6/11/04,#N/A
6/14/04,#N/A
6/15/04,#N/A
6/16/04,#N/A
6/17/04,#N/A
6/18/04,#N/A
6/21/04,#N/A
6/22/04,#N/A
6/23/04,#N/A
6/24/04,#N/A
6/25/04,#N/A
6/28/04,#N/A
6/29/04,#N/A
6/30/04,#N/A
7/1/04,#N/A
7/2/04,#N/A
7/5/04,#N/A
7/6/04,#N/A
7/7/04,#N/A
7/8/04,#N/A
7/9/04,#N/A
7/12/04,#N/A
7/13/04,#N/A
7/14/04,#N/A
7/15/04,#N/A
7/16/04,#N/A
7/19/04,#N/A
7/20/04,#N/A
7/21/04,#N/A
7/22/04,#N/A
7/23/04,#N/A
7/26/04,#N/A
7/27/04,#N/A
7/28/04,#N/A
7/29/04,#N/A
7/30/04,#N/A
8/2/04,#N/A
8/3/04,#N/A
8/4/04,#N/A
8/5/04,#N/A
8/6/04,#N/A
8/9/04,#N/A
8/10/04,#N/A
8/11/04,#N/A
8/12/04,#N/A
8/13/04,#N/A
8/16/04,#N/A
8/17/04,#N/A
8/18/04,#N/A
8/19/04,#N/A
8/20/04,#N/A
8/23/04,#N/A
8/24/04,#N/A
8/25/04,#N/A
8/26/04,#N/A
8/27/04,#N/A
8/30/04,#N/A
8/31/04,#N/A
9/1/04,#N/A
9/2/04,#N/A
9/3/04,#N/A
9/6/04,#N/A
9/7/04,#N/A
9/8/04,#N/A
9/9/04,#N/A
9/10/04,#N/A
9/13/04,#N/A
9/14/04,#N/A
9/15/04,#N/A
9/16/04,#N/A
9/17/04,#N/A
9/20/04,#N/A
9/21/04,#N/A
9/22/04,#N/A
9/23/04,#N/A
9/24/04,#N/A
9/27/04,#N/A
9/28/04,#N/A
9/29/04,#N/A
9/30/04,#N/A
10/1/04,#N/A
10/4/04,#N/A
10/5/04,#N/A
10/6/04,#N/A
10/7/04,#N/A
10/8/04,#N/A
10/11/04,#N/A
10/12/04,#N/A
10/13/04,#N/A
10/14/04,#N/A
10/15/04,#N/A
10/18/04,#N/A
10/19/04,#N/A
10/20/04,#N/A
10/21/04,#N/A
10/22/04,#N/A
10/25/04,#N/A
10/26/04,#N/A
10/27/04,#N/A
10/28/04,#N/A
10/29/04,#N/A
11/1/04,#N/A
11/2/04,#N/A
11/3/04,#N/A
11/4/04,#N/A
11/5/04,#N/A
11/8/04,#N/A
11/9/04,#N/A
11/10/04,#N/A
11/11/04,#N/A
11/12/04,#N/A
11/15/04,#N/A
11/16/04,#N/A
11/17/04,#N/A
11/18/04,#N/A
11/19/04,#N/A
11/22/04,#N/A
11/23/04,#N/A
11/24/04,#N/A
11/25/04,#N/A
11/26/04,#N/A
11/29/04,#N/A
11/30/04,#N/A
12/1/04,#N/A
12/2/04,#N/A
12/3/04,#N/A
12/6/04,#N/A
12/7/04,#N/A
12/8/04,#N/A
12/9/04,#N/A
12/10/04,#N/A
12/13/04,#N/A
12/14/04,#N/A
12/15/04,#N/A
12/16/04,#N/A
12/17/04,#N/A
12/20/04,#N/A
12/21/04,#N/A
12/22/04,#N/A
12/23/04,#N/A
12/24/04,#N/A
12/27/04,#N/A
12/28/04,#N/A
12/29/04,#N/A
12/30/04,#N/A
12/31/04,#N/A
1/3/05,#N/A
1/4/05,#N/A
1/5/05,#N/A
1/6/05,#N/A
1/7/05,#N/A
1/10/05,#N/A
1/11/05,#N/A
1/12/05,#N/A
1/13/05,#N/A
1/14/05,#N/A
1/17/05,#N/A
1/18/05,#N/A
1/19/05,#N/A
1/20/05,#N/A
1/21/05,#N/A
1/24/05,#N/A
1/25/05,#N/A
1/26/05,#N/A
1/27/05,#N/A
1/28/05,#N/A
1/31/05,#N/A
2/1/05,#N/A
2/2/05,#N/A
2/3/05,#N/A
2/4/05,#N/A
2/7/05,#N/A
2/8/05,#N/A
2/9/05,#N/A
2/10/05,#N/A
2/11/05,#N/A
2/14/05,#N/A
2/15/05,#N/A
2/16/05,#N/A
2/17/05,#N/A
2/18/05,#N/A
2/21/05,#N/A
2/22/05,#N/A
2/23/05,#N/A
2/24/05,#N/A
2/25/05,#N/A
2/28/05,#N/A
3/1/05,#N/A
3/2/05,#N/A
3/3/05,#N/A
3/4/05,#N/A
3/7/05,#N/A
3/8/05,#N/A
3/9/05,#N/A
3/10/05,#N/A
3/11/05,#N/A
3/14/05,#N/A
3/15/05,#N/A
3/16/05,#N/A
3/17/05,#N/A
3/18/05,#N/A
3/21/05,#N/A
3/22/05,#N/A
3/23/05,#N/A
3/24/05,#N/A
3/25/05,#N/A
3/28/05,#N/A
3/29/05,#N/A
3/30/05,#N/A
3/31/05,#N/A
4/1/05,#N/A
4/4/05,#N/A
4/5/05,#N/A
4/6/05,#N/A
4/7/05,#N/A
4/8/05,#N/A
4/11/05,#N/A
4/12/05,#N/A
4/13/05,#N/A
4/14/05,#N/A
4/15/05,#N/A
4/18/05,#N/A
4/19/05,#N/A
4/20/05,#N/A
4/21/05,#N/A
4/22/05,#N/A
4/25/05,#N/A
4/26/05,#N/A
4/27/05,#N/A
4/28/05,#N/A
4/29/05,#N/A
5/2/05,#N/A
5/3/05,#N/A
5/4/05,#N/A
5/5/05,#N/A
5/6/05,#N/A
5/9/05,#N/A
5/10/05,#N/A
5/11/05,#N/A
5/12/05,#N/A
5/13/05,#N/A
5/16/05,#N/A
5/17/05,#N/A
5/18/05,#N/A
5/19/05,#N/A
5/20/05,#N/A
5/23/05,#N/A
5/24/05,#N/A
5/25/05,#N/A
5/26/05,#N/A
5/27/05,#N/A
5/30/05,#N/A
5/31/05,#N/A
6/1/05,#N/A
6/2/05,#N/A
6/3/05,#N/A
6/6/05,#N/A
6/7/05,#N/A
6/8/05,#N/A
6/9/05,#N/A
6/10/05,#N/A
6/13/05,#N/A
6/14/05,#N/A
6/15/05,#N/A
6/16/05,#N/A
6/17/05,#N/A
6/20/05,#N/A
6/21/05,#N/A
6/22/05,#N/A
6/23/05,#N/A
6/24/05,#N/A
6/27/05,#N/A
6/28/05,#N/A
6/29/05,#N/A
6/30/05,#N/A
7/1/05,#N/A
7/4/05,#N/A
7/5/05,#N/A
7/6/05,#N/A
7/7/05,#N/A
7/8/05,#N/A
7/11/05,#N/A
7/12/05,#N/A
7/13/05,#N/A
7/14/05,#N/A
7/15/05,#N/A
7/18/05,#N/A
7/19/05,#N/A
7/20/05,#N/A
7/21/05,#N/A
7/22/05,#N/A
7/25/05,#N/A
7/26/05,#N/A
7/27/05,#N/A
7/28/05,#N/A
7/29/05,#N/A
8/1/05,#N/A
8/2/05,#N/A
8/3/05,#N/A
8/4/05,#N/A
8/5/05,#N/A
8/8/05,#N/A
8/9/05,#N/A
8/10/05,#N/A
8/11/05,#N/A
8/12/05,#N/A
8/15/05,#N/A
8/16/05,#N/A
8/17/05,#N/A
8/18/05,#N/A
8/19/05,#N/A
8/22/05,#N/A
8/23/05,#N/A
8/24/05,#N/A
8/25/05,#N/A
8/26/05,#N/A
8/29/05,#N/A
8/30/05,#N/A
8/31/05,#N/A
9/1/05,#N/A
9/2/05,#N/A
9/5/05,#N/A
9/6/05,#N/A
9/7/05,#N/A
9/8/05,#N/A
9/9/05,#N/A
9/12/05,#N/A
9/13/05,#N/A
9/14/05,#N/A
9/15/05,#N/A
9/16/05,#N/A
9/19/05,#N/A
9/20/05,#N/A
9/21/05,#N/A
9/22/05,#N/A
9/23/05,#N/A
9/26/05,#N/A
9/27/05,#N/A
9/28/05,#N/A
9/29/05,#N/A
9/30/05,#N/A
10/3/05,#N/A
10/4/05,#N/A
10/5/05,#N/A
10/6/05,#N/A
10/7/05,#N/A
10/10/05,#N/A
10/11/05,#N/A
10/12/05,#N/A
10/13/05,#N/A
10/14/05,#N/A
10/17/05,#N/A
10/18/05,#N/A
10/19/05,#N/A
10/20/05,#N/A
10/21/05,#N/A
10/24/05,#N/A
10/25/05,#N/A
10/26/05,#N/A
10/27/05,#N/A
10/28/05,#N/A
10/31/05,#N/A
11/1/05,#N/A
11/2/05,#N/A
11/3/05,#N/A
11/4/05,#N/A
11/7/05,#N/A
11/8/05,#N/A
11/9/05,#N/A
11/10/05,#N/A
11/11/05,#N/A
11/14/05,#N/A
11/15/05,#N/A
11/16/05,#N/A
11/17/05,#N/A
11/18/05,#N/A
11/21/05,#N/A
11/22/05,#N/A
11/23/05,#N/A
11/24/05,#N/A
11/25/05,#N/A
11/28/05,#N/A
11/29/05,#N/A
11/30/05,#N/A
12/1/05,#N/A
12/2/05,#N/A
12/5/05,#N/A
12/6/05,#N/A
12/7/05,#N/A
12/8/05,#N/A
12/9/05,#N/A
12/12/05,#N/A
12/13/05,#N/A
12/14/05,#N/A
12/15/05,#N/A
12/16/05,#N/A
12/19/05,#N/A
12/20/05,#N/A
12/21/05,#N/A
12/22/05,#N/A
12/23/05,#N/A
12/26/05,#N/A
12/27/05,#N/A
12/28/05,#N/A
12/29/05,#N/A
12/30/05,#N/A
1/2/06,#N/A
1/3/06,#N/A
1/4/06,#N/A
1/5/06,#N/A
1/6/06,#N/A
1/9/06,#N/A
1/10/06,#N/A
1/11/06,#N/A
1/12/06,#N/A
1/13/06,#N/A
1/16/06,#N/A
1/17/06,#N/A
1/18/06,#N/A
1/19/06,#N/A
1/20/06,#N/A
1/23/06,#N/A
1/24/06,#N/A
1/25/06,#N/A
1/26/06,#N/A
1/27/06,#N/A
1/30/06,#N/A
1/31/06,#N/A
2/1/06,#N/A
2/2/06,#N/A
2/3/06,#N/A
2/6/06,#N/A
2/7/06,#N/A
2/8/06,#N/A
2/9/06,#N/A
2/10/06,#N/A
2/13/06,#N/A
2/14/06,#N/A
2/15/06,#N/A
2/16/06,#N/A
2/17/06,#N/A
2/20/06,#N/A
2/21/06,#N/A
2/22/06,#N/A
2/23/06,#N/A
2/24/06,#N/A
2/27/06,#N/A
2/28/06,#N/A
3/1/06,#N/A
3/2/06,#N/A
3/3/06,#N/A
3/6/06,#N/A
3/7/06,#N/A
3/8/06,#N/A
3/9/06,#N/A
3/10/06,#N/A
3/13/06,#N/A
3/14/06,#N/A
3/15/06,#N/A
3/16/06,#N/A
3/17/06,#N/A
3/20/06,#N/A
3/21/06,#N/A
3/22/06,#N/A
3/23/06,#N/A
3/24/06,#N/A
3/27/06,#N/A
3/28/06,#N/A
3/29/06,#N/A
3/30/06,#N/A
3/31/06,#N/A
4/3/06,#N/A
4/4/06,#N/A
4/5/06,#N/A
4/6/06,#N/A
4/7/06,#N/A
4/10/06,#N/A
4/11/06,#N/A
4/12/06,#N/A
4/13/06,#N/A
4/14/06,#N/A
4/17/06,#N/A
4/18/06,#N/A
4/19/06,#N/A
4/20/06,#N/A
4/21/06,#N/A
4/24/06,#N/A
4/25/06,#N/A
4/26/06,#N/A
4/27/06,#N/A
4/28/06,#N/A
5/1/06,#N/A
5/2/06,#N/A
5/3/06,#N/A
5/4/06,#N/A
5/5/06,#N/A
5/8/06,#N/A
5/9/06,#N/A
5/10/06,#N/A
5/11/06,#N/A
5/12/06,#N/A
5/15/06,#N/A
5/16/06,#N/A
5/17/06,#N/A
5/18/06,#N/A
5/19/06,#N/A
5/22/06,#N/A
5/23/06,#N/A
5/24/06,#N/A
5/25/06,#N/A
5/26/06,#N/A
5/29/06,#N/A
5/30/06,#N/A
5/31/06,#N/A
6/1/06,#N/A
6/2/06,#N/A
6/5/06,#N/A
6/6/06,#N/A
6/7/06,#N/A
6/8/06,#N/A
6/9/06,#N/A
6/12/06,#N/A
6/13/06,#N/A
6/14/06,#N/A
6/15/06,#N/A
6/16/06,#N/A
6/19/06,#N/A
6/20/06,#N/A
6/21/06,#N/A
6/22/06,#N/A
6/23/06,#N/A
6/26/06,#N/A
6/27/06,#N/A
6/28/06,#N/A
6/29/06,#N/A
6/30/06,#N/A
7/3/06,#N/A
7/4/06,#N/A
7/5/06,#N/A
7/6/06,#N/A
7/7/06,#N/A
7/10/06,#N/A
7/11/06,#N/A
7/12/06,#N/A
7/13/06,#N/A
7/14/06,#N/A
7/17/06,#N/A
7/18/06,#N/A
7/19/06,#N/A
7/20/06,#N/A
7/21/06,#N/A
7/24/06,#N/A
7/25/06,#N/A
7/26/06,#N/A
7/27/06,#N/A
7/28/06,#N/A
7/31/06,#N/A
8/1/06,#N/A
8/2/06,#N/A
8/3/06,#N/A
8/4/06,#N/A
8/7/06,#N/A
8/8/06,#N/A
8/9/06,#N/A
8/10/06,#N/A
8/11/06,#N/A
8/14/06,#N/A
8/15/06,#N/A
8/16/06,#N/A
8/17/06,#N/A
8/18/06,#N/A
8/21/06,#N/A
8/22/06,#N/A
8/23/06,#N/A
8/24/06,#N/A
8/25/06,#N/A
8/28/06,#N/A
8/29/06,#N/A
8/30/06,#N/A
8/31/06,#N/A
9/1/06,#N/A
9/4/06,#N/A
9/5/06,#N/A
9/6/06,#N/A
9/7/06,#N/A
9/8/06,#N/A
9/11/06,#N/A
9/12/06,#N/A
9/13/06,#N/A
9/14/06,#N/A
9/15/06,#N/A
9/18/06,#N/A
9/19/06,#N/A
9/20/06,#N/A
9/21/06,#N/A
9/22/06,#N/A
9/25/06,#N/A
9/26/06,#N/A
9/27/06,#N/A
9/28/06,#N/A
9/29/06,#N/A
10/2/06,#N/A
10/3/06,#N/A
10/4/06,#N/A
10/5/06,#N/A
10/6/06,#N/A
10/9/06,#N/A
10/10/06,#N/A
10/11/06,#N/A
10/12/06,#N/A
10/13/06,#N/A
10/16/06,#N/A
10/17/06,#N/A
10/18/06,#N/A
10/19/06,#N/A
10/20/06,#N/A
10/23/06,#N/A
10/24/06,#N/A
10/25/06,#N/A
10/26/06,#N/A
10/27/06,#N/A
10/30/06,#N/A
10/31/06,#N/A
11/1/06,#N/A
11/2/06,#N/A
11/3/06,#N/A
11/6/06,#N/A
11/7/06,#N/A
11/8/06,#N/A
11/9/06,#N/A
11/10/06,#N/A
11/13/06,#N/A
11/14/06,#N/A
11/15/06,#N/A
11/16/06,#N/A
11/17/06,#N/A
11/20/06,#N/A
11/21/06,#N/A
11/22/06,#N/A
11/23/06,#N/A
11/24/06,#N/A
11/27/06,#N/A
11/28/06,#N/A
11/29/06,#N/A
11/30/06,#N/A
12/1/06,#N/A
12/4/06,#N/A
12/5/06,#N/A
12/6/06,#N/A
12/7/06,#N/A
12/8/06,#N/A
12/11/06,#N/A
12/12/06,#N/A
12/13/06,#N/A
12/14/06,#N/A
12/15/06,#N/A
12/18/06,#N/A
12/19/06,#N/A
12/20/06,#N/A
12/21/06,#N/A
12/22/06,#N/A
12/25/06,#N/A
12/26/06,#N/A
12/27/06,#N/A
12/28/06,#N/A
12/29/06,#N/A
1/1/07,#N/A
1/2/07,#N/A
1/3/07,#N/A
1/4/07,#N/A
1/5/07,#N/A
1/8/07,#N/A
1/9/07,#N/A
1/10/07,#N/A
1/11/07,#N/A
1/12/07,#N/A
1/15/07,#N/A
1/16/07,#N/A
1/17/07,#N/A
1/18/07,#N/A
1/19/07,#N/A
1/22/07,#N/A
1/23/07,#N/A
1/24/07,#N/A
1/25/07,#N/A
1/26/07,#N/A
1/29/07,#N/A
1/30/07,#N/A
1/31/07,#N/A
2/1/07,#N/A
2/2/07,#N/A
2/5/07,#N/A
2/6/07,#N/A
2/7/07,#N/A
2/8/07,#N/A
2/9/07,#N/A
2/12/07,#N/A
2/13/07,#N/A
2/14/07,#N/A
2/15/07,#N/A
2/16/07,#N/A
2/19/07,#N/A
2/20/07,#N/A
2/21/07,#N/A
2/22/07,#N/A
2/23/07,#N/A
2/26/07,#N/A
2/27/07,#N/A
2/28/07,#N/A
3/1/07,#N/A
3/2/07,#N/A
3/5/07,#N/A
3/6/07,#N/A
3/7/07,#N/A
3/8/07,#N/A
3/9/07,#N/A
3/12/07,#N/A
3/13/07,#N/A
3/14/07,#N/A
3/15/07,#N/A
3/16/07,#N/A
3/19/07,#N/A
3/20/07,#N/A
3/21/07,#N/A
3/22/07,#N/A
3/23/07,#N/A
3/26/07,#N/A
3/27/07,#N/A
3/28/07,#N/A
3/29/07,#N/A
3/30/07,#N/A
4/2/07,#N/A
4/3/07,#N/A
4/4/07,#N/A
4/5/07,#N/A
4/6/07,#N/A
4/9/07,#N/A
4/10/07,#N/A
4/11/07,#N/A
4/12/07,0.001803265
4/13/07,0.002116445
4/16/07,0.004388591
4/17/07,-6.24E-06
4/18/07,0.003009142
4/19/07,-0.002872622
4/20/07,0.005283926
4/23/07,0.000541956
4/24/07,-0.000369635
4/25/07,0.003248189
4/26/07,-0.00560433
4/27/07,0.002140638
4/30/07,-0.000205942
5/1/07,-1.87E-04
5/2/07,0.000193198
5/3/07,0.002828423
5/4/07,0.003862843
5/7/07,0.000878213
5/8/07,-0.002491967
5/9/07,-0.002890512
5/10/07,-0.005205478
5/11/07,0.003448464
5/14/07,-0.00232456
5/15/07,0.001020176
5/16/07,-0.001786147
5/17/07,-0.002528221
5/18/07,0.000258543
5/21/07,0.003201785
5/22/07,-0.004640035
5/23/07,0.000222908
5/24/07,-0.004313343
5/25/07,0.002199531
5/28/07,#N/A
5/29/07,-0.001977825
5/30/07,0.002770439
5/31/07,0.002642848
6/1/07,0.0022035
6/4/07,0.003266379
6/5/07,-0.004254151
6/6/07,-0.002211759
6/7/07,-0.013325804
6/8/07,-0.003018595
6/11/07,0.002265353
6/12/07,-0.010194857
6/13/07,0.009921415
6/14/07,0.00180771
6/15/07,0.004684405
6/18/07,-0.000612478
6/19/07,0.004419525
6/20/07,-0.008840535
6/21/07,-0.001314444
6/22/07,0.001407289
6/25/07,-0.00183445
6/26/07,-0.004421258
6/27/07,0.002427147
6/28/07,0.000310125
6/29/07,0.002597358
7/2/07,0.008162568
7/3/07,-0.002309237
7/4/07,#N/A
7/5/07,-0.004544955
7/6/07,0.002239945
7/9/07,0.002628337
7/10/07,0.004273695
7/11/07,-0.003789888
7/12/07,0.004041145
7/13/07,0.002434629
7/16/07,0.000810948
7/17/07,-0.00147801
7/18/07,0.00319263
7/19/07,0.001991299
7/20/07,0.002521315
7/23/07,-0.001371322
7/24/07,-0.003802312
7/25/07,-1.57E-03
7/26/07,-0.008565655
7/27/07,-0.005115729
7/30/07,0.003265469
7/31/07,0.001495359
8/1/07,0.000199491
8/2/07,0.00352252
8/3/07,-0.0014954
8/6/07,-0.00172968
8/7/07,0.002868038
8/8/07,0.001317601
8/9/07,-0.009144858
8/10/07,0.001873315
8/13/07,0.001075542
8/14/07,-0.003280665
8/15/07,-0.002366179
8/16/07,-0.001283467
8/17/07,0.00464256
8/20/07,-0.00050608
8/21/07,0.000473183
8/22/07,0.004592221
8/23/07,0.002070292
8/24/07,0.007824637
8/27/07,0.000810622
8/28/07,-0.00604028
8/29/07,0.0058056
8/30/07,0.001671243
8/31/07,0.005753374
9/3/07,#N/A
9/4/07,0.007289005
9/5/07,0.001749154
9/6/07,0.002651609
9/7/07,0.002286431
9/10/07,0.003998155
9/11/07,0.006229534
9/12/07,0.001124144
9/13/07,-0.004818359
9/14/07,0.00219423
9/17/07,0.005293144
9/18/07,0.006119334
9/19/07,0.001772115
9/20/07,-0.007117019
9/21/07,0.003623872
9/24/07,1.32E-03
9/25/07,-0.001872679
9/26/07,0.0003569
9/27/07,0.007449406
9/28/07,0.001823145
10/1/07,0.004924165
10/2/07,-0.004834441
10/3/07,-0.003262519
10/4/07,0.006382416
10/5/07,1.92944E-05
10/8/07,-0.004304081
10/9/07,0.003155742
10/10/07,0.00160614
10/11/07,0.001410455
10/12/07,0.001591654
10/15/07,0.002649399
10/16/07,-0.001813139
10/17/07,-0.000330709
10/18/07,0.007458334
10/19/07,-0.001403472
10/22/07,-0.003642362
10/23/07,0.003153286
10/24/07,0.003524596
10/25/07,0.002675511
10/26/07,0.007454996
10/29/07,0.005382375
10/30/07,-0.006046903
10/31/07,0.006424615
11/1/07,-0.004320098
11/2/07,0.007380654
11/5/07,-0.002577563
11/6/07,0.008449815
11/7/07,-0.003467445
11/8/07,-0.00340969
11/9/07,0.001151485
11/12/07,-0.011390114
11/13/07,0.003312604
11/14/07,0.005239779
11/15/07,-0.005800058
11/16/07,0.001161312
11/19/07,-0.00117081
11/20/07,0.006507484
11/21/07,-0.004703114
11/22/07,#N/A
11/23/07,0.008797252
11/26/07,0.00397731
11/27/07,-0.004306006
11/28/07,0.002515758
11/29/07,0.001252754
11/30/07,-0.003206857
12/3/07,0.006463728
12/4/07,0.00118319
12/5/07,-0.006027532
12/6/07,0.004882698
12/7/07,-0.005863778
12/10/07,0.002419752
12/11/07,-0.00013101
12/12/07,0.005288137
12/13/07,-0.009468979
12/14/07,-0.004573436
12/17/07,-0.00212923
12/18/07,0.005903597
12/19/07,0.006281989
12/20/07,-0.001596378
12/21/07,0.002920732
12/24/07,0.000362299
12/25/07,#N/A
12/26/07,0.000723755
12/27/07,0.003092446
12/28/07,0.005836546
12/31/07,5.13E-04
1/1/08,#N/A
1/2/08,0.008877593
1/3/08,0.001307744
1/4/08,-0.006646013
1/7/08,-0.002168221
1/8/08,0.000525191
1/9/08,-0.000865918
1/10/08,0.000932421
1/11/08,0.00300478
1/14/08,0.005766131
1/15/08,-0.004626212
1/16/08,-0.007494566
1/17/08,-0.003675533
1/18/08,0.00010519
1/21/08,#N/A
1/22/08,0.001590814
1/23/08,0.001829383
1/24/08,0.003653864
1/25/08,0.006235468
1/28/08,0.005191922
1/29/08,-0.001715152
1/30/08,-0.002357097
1/31/08,0.005819679
2/1/08,-0.000774312
2/4/08,-0.004370378
2/5/08,-0.0078424
2/6/08,-0.000697219
2/7/08,-0.00338208
2/8/08,0.007060122
2/11/08,0.002477859
2/12/08,-0.005821336
2/13/08,-0.00092358
2/14/08,-0.003923899
2/15/08,0.000618204
2/18/08,#N/A
2/19/08,0.004615446
2/20/08,0.007593708
2/21/08,0.001656949
2/22/08,0.000936494
2/25/08,-0.000131943
2/26/08,0.006641909
2/27/08,0.001902808
2/28/08,0.007390334
2/29/08,-0.000861855
3/3/08,0.002071167
3/4/08,-0.0084024
3/5/08,0.004591601
3/6/08,-0.003931062
3/7/08,-0.003775756
3/10/08,0.0034648
3/11/08,0.00594877
3/12/08,0.007983991
3/13/08,-1.59E-04
3/14/08,0.000351744
3/17/08,-3.74E-03
3/18/08,0.006477989
3/19/08,-0.010174356
3/20/08,-0.004833222
3/21/08,#N/A
3/24/08,0.001004203
3/25/08,0.008579386
3/26/08,0.001242494
3/27/08,-0.00318293
3/28/08,-0.003795922
3/31/08,-0.002504567
4/1/08,-0.00627215
4/2/08,0.00918863
4/3/08,0.001567805
4/4/08,0.006360656
4/7/08,2.70E-03
4/8/08,-0.002157005
4/9/08,0.006077784
4/10/08,-0.001080531
4/11/08,-0.004242271
4/14/08,-0.001681309
4/15/08,-0.001051001
4/16/08,0.006193767
4/17/08,-0.00205918
4/18/08,-0.000295549
4/21/08,9.55631E-05
4/22/08,0.000574512
4/23/08,-0.002976863
4/24/08,-0.007726598
4/25/08,0.002318547
4/28/08,0.003147937
4/29/08,-0.006460519
4/30/08,0.003502163
5/1/08,-0.000980762
5/2/08,-0.001661489
5/5/08,0.004618863
5/6/08,-2.31211E-05
5/7/08,-0.002511738
5/8/08,0.007110338
5/9/08,0.003582813
5/12/08,-0.001549382
5/13/08,-0.006396434
5/14/08,-0.001650761
5/15/08,0.01065557
5/16/08,0.005095282
5/19/08,0.002193896
5/20/08,0.004492635
5/21/08,0.001870865
5/22/08,-0.007209876
5/23/08,-0.001520309
5/26/08,#N/A
5/27/08,-0.007161106
5/28/08,-0.000868014
5/29/08,-0.010150488
5/30/08,0.005353132
6/2/08,0.000864343
6/3/08,-0.003131432
6/4/08,-0.005017479
6/5/08,0.005947784
6/6/08,0.006625515
6/9/08,-0.000376119
6/10/08,-0.008592945
6/11/08,0.003414528
6/12/08,-0.006207457
6/13/08,0.002614647
6/16/08,0.000324589
6/17/08,0.001270299
6/18/08,0.005550653
6/19/08,-0.00482599
6/20/08,0.000122907
6/23/08,-0.003530167
6/24/08,0.001462869
6/25/08,0.001568026
6/26/08,0.005730436
6/27/08,0.005326775
6/30/08,-0.002526926
7/1/08,0.004251816
7/2/08,0.000914014
7/3/08,-0.003220563
7/4/08,#N/A
7/7/08,-0.003152573
7/8/08,0.000585267
7/9/08,-0.001645931
7/10/08,0.008302448
7/11/08,-0.002138846
7/14/08,0.00228302
7/15/08,-0.008158173
7/16/08,-0.006307544
7/17/08,-0.002249861
7/18/08,0.000682814
7/21/08,0.005857224
7/22/08,-0.004919711
7/23/08,-0.007551755
7/24/08,0.001059338
7/25/08,-0.003145907
7/28/08,0.001003999
7/29/08,-0.000912241
7/30/08,0.002826453
7/31/08,0.001945486
8/1/08,-0.00306755
8/4/08,-0.01001375
8/5/08,-0.001571725
8/6/08,-0.00233452
8/7/08,0.002225524
8/8/08,-0.001310619
8/11/08,-0.00919646
8/12/08,-0.00039307
8/13/08,0.004561779
8/14/08,-0.002653738
8/15/08,-0.000895897
8/18/08,0.001602004
8/19/08,0.002478834
8/20/08,0.001607159
8/21/08,0.009287522
8/22/08,-0.004961207
8/25/08,-4.15E-04
8/26/08,0.000672644
8/27/08,0.003326794
8/28/08,0.003051248
8/29/08,-0.005091898
9/1/08,#N/A
9/2/08,-0.005873113
9/3/08,0.000385202
9/4/08,-0.004810714
9/5/08,0.001071845
9/8/08,0.003957169
9/9/08,-0.011986739
9/10/08,-0.007143929
9/11/08,-0.001268891
9/12/08,0.00423544
9/15/08,-0.003181918
9/16/08,-0.005763683
9/17/08,0.006478688
9/18/08,0.009749716
9/19/08,0.010747648
9/22/08,0.00385896
9/23/08,-0.009037044
9/24/08,-0.001242508
9/25/08,-0.000607595
9/26/08,0.000882696
9/29/08,-0.017055782
9/30/08,-0.003428085
10/1/08,0.011349529
10/2/08,-0.023819103
10/3/08,-0.002346611
10/6/08,-0.007465427
10/7/08,-0.007626185
10/8/08,-0.009955633
10/9/08,-0.022736134
10/10/08,-0.037979689
10/13/08,0.044515605
10/14/08,-0.004157001
10/15/08,-0.024239009
10/16/08,-0.010801189
10/17/08,-0.00983414
10/20/08,0.021055778
10/21/08,-0.014351356
10/22/08,-0.020201449
10/23/08,0.005641964
10/24/08,-0.017315417
10/27/08,-0.015706888
10/28/08,0.022597785
10/29/08,0.011345129
10/30/08,0.000445008
10/31/08,-0.00256754
11/3/08,-1.73193E-05
11/4/08,0.031280458
11/5/08,-0.015776161
11/6/08,-0.017747261
11/7/08,0.005218721
11/10/08,0.003073912
11/11/08,-0.009351139
11/12/08,-0.01811914
11/13/08,0.010593814
11/14/08,-0.000978146
11/17/08,-0.010135847
11/18/08,0.000470363
11/19/08,-0.010306757
11/20/08,-0.002842331
11/21/08,0.022524062
11/24/08,0.018538435
11/25/08,0.010990644
11/26/08,0.013783462
11/27/08,#N/A
11/28/08,0.001068586
12/1/08,-0.020871196
12/2/08,0.013748366
12/3/08,0.002730715
12/4/08,-0.006969926
12/5/08,-0.003960079
12/8/08,0.017448589
12/9/08,0.000106569
12/10/08,0.012526519
12/11/08,-0.000461335
12/12/08,0.007019521
12/15/08,0.000974566
12/16/08,0.027272803
12/17/08,0.01326344
12/18/08,0.009461451
12/19/08,-0.004411155
12/22/08,0.000680067
12/23/08,-0.001214106
12/24/08,-2.64E-03
12/25/08,#N/A
12/26/08,0.012852296
12/29/08,2.14E-03
12/30/08,0.008415807
12/31/08,0.002286118
1/1/09,#N/A
1/2/09,-0.000811534
1/5/09,-0.002940968
1/6/09,0.003745046
1/7/09,-0.017610654
1/8/09,0.002117949
1/9/09,-0.003798152
1/12/09,-0.016049577
1/13/09,0.002020534
1/14/09,-0.006554886
1/15/09,0.001791577
1/16/09,0.003188701
1/19/09,#N/A
1/20/09,-0.012104974
1/21/09,-0.003715069
1/22/09,-0.010814384
1/23/09,0.009043007
1/26/09,-0.000461214
1/27/09,0.007944851
1/28/09,4.63E-03
1/29/09,-0.015488863
1/30/09,-0.001212427
2/2/09,-0.004644959
2/3/09,-0.007317339
2/4/09,-0.000282057
2/5/09,0.006094848
2/6/09,0.007580069
2/9/09,-0.000618743
2/10/09,0.000397563
2/11/09,0.008769542
2/12/09,-0.00143448
2/13/09,-0.01354684
2/16/09,#N/A
2/17/09,-0.002008836
2/18/09,-0.002488011
2/19/09,-0.006499251
2/20/09,0.001233469
2/23/09,-0.008770494
2/24/09,0.005360228
2/25/09,-0.008102292
2/26/09,-0.008509575
2/27/09,-0.010315355
3/2/09,-0.015293292
3/3/09,-0.004269195
3/4/09,0.004056049
3/5/09,-0.001096077
3/6/09,-7.12754E-05
3/9/09,-0.009303647
3/10/09,0.008852572
3/11/09,0.006135501
3/12/09,0.02106999
3/13/09,9.56E-05
3/16/09,-0.004141493
3/17/09,0.003745197
3/18/09,0.028723212
3/19/09,0.001678826
3/20/09,-0.006210682
3/23/09,0.012889334
3/24/09,-0.004052412
3/25/09,-0.001341948
3/26/09,0.013188996
3/27/09,-0.007172004
3/30/09,-0.01886479
3/31/09,0.008033236
4/1/09,0.008401261
4/2/09,0.00747646
4/3/09,-0.003094079
4/6/09,-0.010016197
4/7/09,-0.004660491
4/8/09,0.008296626
4/9/09,0.009180643
4/10/09,#N/A
4/13/09,0.00709581
4/14/09,-0.005554218
4/15/09,0.002492784
4/16/09,-0.00071665
4/17/09,-0.000706334
4/20/09,-0.009469281
4/21/09,0.002541452
4/22/09,-0.000846568
4/23/09,0.005465773
4/24/09,0.006047291
4/27/09,-0.005945977
4/28/09,-0.008968702
4/29/09,0.008327666
4/30/09,-0.001834723
5/1/09,0.000927125
5/4/09,0.012679787
5/5/09,-0.001866703
5/6/09,0.009056199
5/7/09,-0.014297513
5/8/09,0.012000117
5/11/09,-0.000656602
5/12/09,0.004612242
5/13/09,-0.004288853
5/14/09,0.001919908
5/15/09,-0.006221356
5/18/09,0.0045739
5/19/09,0.000600385
5/20/09,0.009528789
5/21/09,-0.012085554
5/22/09,0.000880332
5/25/09,#N/A
5/26/09,-0.001214544
5/27/09,-0.00905705
5/28/09,0.011452162
5/29/09,0.01903593
6/1/09,0.000627605
6/2/09,0.003735243
6/3/09,-0.00726995
6/4/09,0.002659154
6/5/09,-0.007773674
6/8/09,-0.001639205
6/9/09,0.002837343
6/10/09,-0.00604367
6/11/09,0.006026438
6/12/09,-0.000283184
6/15/09,-0.008003984
6/16/09,0.002997032
6/17/09,-0.00207499
6/18/09,-0.003856044
6/19/09,0.0052862
6/22/09,-0.0107008
6/23/09,0.007007401
6/24/09,-0.000103789
6/25/09,0.015026665
6/26/09,-7.41E-04
6/29/09,0.005053171
6/30/09,-0.004591948
7/1/09,0.002827465
7/2/09,-0.011783713
7/3/09,#N/A
7/6/09,-0.008196607
7/7/09,-0.005793715
7/8/09,0.003031985
7/9/09,-3.97881E-05
7/10/09,0.000700089
7/13/09,0.004547099
7/14/09,-0.002499485
7/15/09,0.006254624
7/16/09,0.00585094
7/17/09,-0.003623227
7/20/09,0.010829633
7/21/09,0.00792764
7/22/09,-0.001590598
7/23/09,0.0017207
7/24/09,0.003720359
7/27/09,-0.001858136
7/28/09,-0.001465836
7/29/09,-0.002942794
7/30/09,0.012542613
7/31/09,0.015515621
8/3/09,0.002236778
8/4/09,-0.000829532
8/5/09,-0.004881277
8/6/09,-0.004307181
8/7/09,-0.001161787
8/10/09,0.003071792
8/11/09,-0.000694991
8/12/09,-0.001253016
8/13/09,0.007235899
8/14/09,-0.005661871
8/17/09,-0.008370306
8/18/09,0.00601365
8/19/09,0.00687217
8/20/09,0.00267292
8/21/09,0.002277618
8/24/09,0.003248849
8/25/09,0.001592672
8/26/09,0.001919976
8/27/09,4.76E-05
8/28/09,0.003434572
8/31/09,-0.005257815
9/1/09,-0.007278945
9/2/09,0.008021879
9/3/09,0.002580364
9/4/09,-0.002479497
9/7/09,#N/A
9/8/09,0.003762191
9/9/09,-0.00044641
9/10/09,0.01281185
9/11/09,0.004366381
9/14/09,-0.004347909
9/15/09,0.00464533
9/16/09,0.009071462
9/17/09,0.003342822
9/18/09,-0.005485081
9/21/09,-0.002515128
9/22/09,0.005786529
9/23/09,-0.004245106
9/24/09,-0.004364639
9/25/09,0.000774079
9/28/09,0.008980218
9/29/09,-0.000516165
9/30/09,0.004591095
10/1/09,-0.007314084
10/2/09,-0.003619346
10/5/09,0.01142431
10/6/09,0.001904857
10/7/09,0.00613564
10/8/09,3.52E-03
10/9/09,-0.006972893
10/12/09,0.004622376
10/13/09,0.003683774
10/14/09,-0.000441478
10/15/09,-0.002230906
10/16/09,0.002266953
10/19/09,0.007653619
10/20/09,-0.001002971
10/21/09,-0.000741595
10/22/09,0.002835056
10/23/09,-0.006441555
10/26/09,-0.011311063
10/27/09,0.001579244
10/28/09,-0.010089388
10/29/09,0.009332764
10/30/09,-4.64E-03
11/2/09,0.005276782
11/3/09,0.003689166
11/4/09,-0.001575098
11/5/09,0.002923831
11/6/09,-0.000147164
11/9/09,0.008323623
11/10/09,-0.000820199
11/11/09,0.005240612
11/12/09,-0.006396598
11/13/09,0.004811801
11/16/09,0.013919339
11/17/09,0.003097457
11/18/09,-0.002079436
11/19/09,-0.00309379
11/20/09,2.20E-04
11/23/09,0.00422973
11/24/09,0.001902476
11/25/09,0.007983163
11/26/09,#N/A
11/27/09,-0.006709036
11/30/09,0.003983964
12/1/09,0.002827064
12/2/09,0.003072466
12/3/09,-0.005852679
12/4/09,-0.010037833
12/7/09,-0.001544104
12/8/09,-0.00573763
12/9/09,-0.00250471
12/10/09,-0.002777733
12/11/09,-0.000922253
12/14/09,0.005362972
12/15/09,-0.003059103
12/16/09,0.004581913
12/17/09,-0.005038208
12/18/09,0.002723812
12/21/09,-0.008189592
12/22/09,-0.001163422
12/23/09,0.003664104
12/24/09,0.001729869
12/25/09,#N/A
12/28/09,0.000943401
12/29/09,-0.001019355
12/30/09,0.001927788
12/31/09,-0.002849365
1/1/10,#N/A
1/4/10,0.011103868
1/5/10,0.003761352
1/6/10,0.000980886
1/7/10,-0.000377479
1/8/10,0.001553214
1/11/10,0.00027583
1/12/10,-0.002981322
1/13/10,-7.30685E-05
1/14/10,0.005617631
1/15/10,-0.003793776
1/18/10,#N/A
1/19/10,0.003329327
1/20/10,-0.004681719
1/21/10,-0.008564577
1/22/10,-0.007852598
1/25/10,0.000513914
1/26/10,-0.001534061
1/27/10,-0.002519842
1/28/10,-0.003606194
1/29/10,-0.002166087
2/1/10,0.007242608
2/2/10,0.007526539
2/3/10,-0.006064861
2/4/10,-0.013622093
2/5/10,-8.03E-04
2/8/10,-0.002835121
2/9/10,0.00365993
2/10/10,-0.006064236
2/11/10,0.005572504
2/12/10,0.000570396
2/15/10,#N/A
2/16/10,0.013174641
2/17/10,-0.002706836
2/18/10,0.003522894
2/19/10,0.003515821
2/22/10,-0.002749521
2/23/10,-0.001836204
2/24/10,0.00316358
2/25/10,0.001708595
2/26/10,0.006751736
3/1/10,0.00111254
3/2/10,0.005072763
3/3/10,0.001576535
3/4/10,2.17E-04
3/5/10,0.000691238
3/8/10,-0.003395877
3/9/10,-0.000194217
3/10/10,-0.001599307
3/11/10,0.001760971
3/12/10,0.000479658
3/15/10,-0.001305219
3/16/10,0.00973926
3/17/10,0.002291344
3/18/10,-7.18288E-05
3/19/10,-0.006464248
3/22/10,0.001656306
3/23/10,0.000161251
3/24/10,-0.012102562
3/25/10,-0.001896005
3/26/10,0.004158882
3/29/10,0.002675308
3/30/10,-7.00E-05
3/31/10,0.002819953
4/1/10,0.00433811
4/2/10,#N/A
4/5/10,-0.001327469
4/6/10,0.002381643
4/7/10,0.00572064
4/8/10,0.000972982
4/9/10,0.004160904
4/12/10,0.001201776
4/13/10,0.001672188
4/14/10,0.002101223
4/15/10,0.002500012
4/16/10,-0.007623372
4/19/10,-0.002218095
4/20/10,0.006273592
4/21/10,0.004643366
4/22/10,-0.001148308
4/23/10,0.004093092
4/26/10,-0.001500412
4/27/10,-0.000428361
4/28/10,-0.001766571
4/29/10,0.005908788
4/30/10,0.003960421
5/3/10,0.003135632
5/4/10,-0.004322871
5/5/10,-0.00396884
5/6/10,0.003313755
5/7/10,-0.008763764
5/10/10,0.005662947
5/11/10,0.003347723
5/12/10,0.004514964
5/13/10,-0.003220999
5/14/10,-0.001356239
5/17/10,-0.005935177
5/18/10,0.002359477
5/19/10,-0.006540787
5/20/10,-8.67E-03
5/21/10,0.006773886
5/24/10,-0.000796121
5/25/10,0.001450976
5/26/10,-1.02E-03
5/27/10,0.004564534
5/28/10,-0.000737368
5/31/10,#N/A
6/1/10,-0.002661746
6/2/10,0.003547931
6/3/10,-0.003658616
6/4/10,0.000394026
6/7/10,0.002113551
6/8/10,0.000261007
6/9/10,-0.00102323
6/10/10,0.000713342
6/11/10,0.007527565
6/14/10,-0.001844963
6/15/10,0.008392076
6/16/10,0.001174654
6/17/10,0.006911638
6/18/10,0.001529832
6/21/10,-0.005111689
6/22/10,0.00103136
6/23/10,-0.001018426
6/24/10,-0.005457673
6/25/10,0.007310411
6/28/10,-0.000577982
6/29/10,-0.006536247
6/30/10,0.001047663
7/1/10,-0.007988809
7/2/10,-0.001556481
7/5/10,#N/A
7/6/10,0.002099095
7/7/10,0.008451023
7/8/10,0.000618053
7/9/10,0.001020019
7/12/10,-0.003000094
7/13/10,0.004754849
7/14/10,0.003010497
7/15/10,0.004800776
7/16/10,-0.00852221
7/19/10,-0.00203986
7/20/10,0.006423529
7/21/10,0.001936655
7/22/10,0.005415986
7/23/10,-0.002505088
7/26/10,0.000777684
7/27/10,-0.008124194
7/28/10,0.000303874
7/29/10,0.00183573
7/30/10,0.008466548
8/2/10,0.002186178
8/3/10,0.002076096
8/4/10,0.000764658
8/5/10,0.001059813
8/6/10,0.00344981
8/9/10,-0.000945858
8/10/10,-0.001121852
8/11/10,-0.006166167
8/12/10,-0.001092779
8/13/10,0.004261507
8/16/10,0.009924435
8/17/10,0.002885799
8/18/10,0.001961386
8/19/10,0.000955348
8/20/10,-0.001911277
8/23/10,-0.001929156
8/24/10,0.001633796
8/25/10,0.001268082
8/26/10,0.002495681
8/27/10,-0.004742748
8/30/10,0.003942996
8/31/10,0.004156853
9/1/10,0.001728882
9/2/10,0.000224416
9/3/10,-0.001384088
9/6/10,#N/A
9/7/10,0.006646029
9/8/10,-0.001506277
9/9/10,-0.00751919
9/10/10,0.001039828
9/13/10,0.005601424
9/14/10,0.007181046
9/15/10,-0.004992857
9/16/10,-0.002723059
9/17/10,0.002058472
9/20/10,0.006708066
9/21/10,0.004602337
9/22/10,0.002320722
9/23/10,-0.000830919
9/24/10,0.002188327
9/27/10,0.00486826
9/28/10,0.005308711
9/29/10,2.06E-04
9/30/10,8.24E-04
10/1/10,1.03E-03
10/4/10,-0.002360869
10/5/10,0.008184006
10/6/10,0.005195291
10/7/10,-0.005857998
10/8/10,0.005686479
10/11/10,0.001086985
10/12/10,-0.002875759
10/13/10,0.004937496
10/14/10,-0.005775303
10/15/10,-0.006257293
10/18/10,0.005469377
10/19/10,-0.00941536
10/20/10,0.00740071
10/21/10,-0.007976757
10/22/10,0.0049836
10/25/10,0.004426518
10/26/10,-0.004516943
10/27/10,-0.005844758
10/28/10,0.004013367
10/29/10,0.005227732
11/1/10,-0.002080457
11/2/10,0.008656796
11/3/10,-0.00649057
11/4/10,0.017355957
11/5/10,-0.00440073
11/8/10,0.002949198
11/9/10,-0.013224519
11/10/10,0.003158389
11/11/10,-0.001720393
11/12/10,-0.014581631
11/15/10,-0.009412036
11/16/10,-0.001467312
11/17/10,-0.002347105
11/18/10,0.011559622
11/19/10,0.001442456
11/22/10,0.00236579
11/23/10,-0.002367506
11/24/10,-4.57E-04
11/25/10,#N/A
11/26/10,0.001975415
11/29/10,0.003916938
11/30/10,0.002652637
12/1/10,0.001023075
12/2/10,0.002246682
12/3/10,0.003386177
12/6/10,0.005991193
12/7/10,-0.010449675
12/8/10,-0.004865969
12/9/10,0.002504395
12/10/10,-0.000945576
12/13/10,0.002381674
12/14/10,-0.004214056
12/15/10,-0.008288489
12/16/10,0.002600667
12/17/10,0.008277209
12/20/10,0.002639498
12/21/10,0.004882663
12/22/10,-0.001082795
12/23/10,-0.000917691
12/24/10,#N/A
12/27/10,0.00364187
12/28/10,-0.002399218
12/29/10,0.007442295
12/30/10,-0.002477462
12/31/10,0.008329589
1/3/11,-0.001042606
1/4/11,-0.004865618
1/5/11,-0.005548416
1/6/11,-0.000853687
1/7/11,8.62261E-06
1/10/11,0.003878537
1/11/11,0.001760725
1/12/11,0.000765929
1/13/11,0.000738751
1/14/11,-0.002066891
1/17/11,#N/A
1/18/11,-0.000269995
1/19/11,1.96167E-05
1/20/11,-0.010200961
1/21/11,0.004631774
1/24/11,-4.01E-04
1/25/11,0.001970701
1/26/11,4.05027E-05
1/27/11,-0.003047903
1/28/11,0.002119794
1/31/11,0.00062833
2/1/11,0.003777533
2/2/11,6.05E-04
2/3/11,-0.000718686
2/4/11,-0.003551618
2/7/11,0.003093089
2/8/11,0.000663038
2/9/11,0.00194825
2/10/11,-0.004521596
2/11/11,0.005569744
2/14/11,0.002243468
2/15/11,0.00063314
2/16/11,0.001121299
2/17/11,0.003233167
2/18/11,0.000195686
2/21/11,#N/A
2/22/11,0.000782027
2/23/11,0.003895551
2/24/11,5.96E-05
2/25/11,0.008480535
2/28/11,0.00289966
3/1/11,0.002348307
3/2/11,-0.004511694
3/3/11,-0.001796186
3/4/11,0.00347243
3/7/11,-0.003866878
3/8/11,-0.0019859
3/9/11,0.003081931
3/10/11,-0.002546891
3/11/11,-0.000769441
3/14/11,-8.71E-04
3/15/11,-0.004991021
3/16/11,0.000195306
3/17/11,0.005695722
3/18/11,0.005124256
3/21/11,0.003484529
3/22/11,0.001316954
3/23/11,0.00168449
3/24/11,-0.001784714
3/25/11,1.97E-04
3/28/11,-0.002275455
3/29/11,-0.001026987
3/30/11,0.004890113
3/31/11,0.002422089
4/1/11,0.002239519
4/4/11,0.003443024
4/5/11,0.001503073
4/6/11,-0.003603659
4/7/11,-0.000678778
4/8/11,0.001381245
4/11/11,-0.003806669
4/12/11,-0.001888434
4/13/11,0.00434887
4/14/11,0.001853707
4/15/11,0.007960162
4/18/11,-0.001607875
4/19/11,0.003224303
4/20/11,0.003552476
4/21/11,0.002120317
4/22/11,#N/A
4/25/11,0.000788941
4/26/11,0.004760362
4/27/11,1.94E-03
4/28/11,0.003287376
4/29/11,0.006188088
5/2/11,-0.00326268
5/3/11,-0.00078108
5/4/11,-0.004206792
5/5/11,-0.011330657
5/6/11,0.002180967
5/9/11,0.007383688
5/10/11,0.001166701
5/11/11,-0.005282338
5/12/11,-0.000969314
5/13/11,-0.000308728
5/16/11,-0.000724872
5/17/11,0.003175403
5/18/11,0.000632498
5/19/11,-5.44E-04
5/20/11,0.001952539
5/23/11,-0.002828046
5/24/11,0.003201003
5/25/11,0.001059764
5/26/11,0.00388296
5/27/11,0.003687881
5/30/11,#N/A
5/31/11,0.003818674
6/1/11,-0.001582716
6/2/11,-0.006648456
6/3/11,0.000685083
6/6/11,-0.006126676
6/7/11,0.002302951
6/8/11,0.001034303
6/9/11,0.001543911
6/10/11,-0.003856208
6/13/11,-0.004954086
6/14/11,0.000297757
6/15/11,-6.21896E-05
6/16/11,-0.001902895
6/17/11,0.001636927
6/20/11,0.002073187
6/21/11,0.003450533
6/22/11,-0.001339328
6/23/11,-0.002152295
6/24/11,-0.008251529
6/27/11,-0.003913337
6/28/11,0.003030007
6/29/11,0.00419696
6/30/11,-0.000271509
7/1/11,0.001866987
7/4/11,#N/A
7/5/11,0.005814323
7/6/11,0.003770064
7/7/11,0.004223735
7/8/11,0.004335127
7/11/11,0.000816846
7/12/11,0.002227374
7/13/11,0.006147953
7/14/11,-0.006747966
7/15/11,0.003427266
7/18/11,-0.004370349
7/19/11,0.009666459
7/20/11,-0.002104935
7/21/11,-0.001454544
7/22/11,0.005566487
7/25/11,-0.005041917
7/26/11,0.003302649
7/27/11,-0.006856716
7/28/11,0.000749555
7/29/11,0.00626815
8/1/11,0.002409086
8/2/11,0.007689713
8/3/11,-5.04E-06
8/4/11,-0.007122245
8/5/11,-0.009271417
8/8/11,-0.00743793
8/9/11,0.018458898
8/10/11,0.006313168
8/11/11,-0.007439916
8/12/11,0.006290207
8/15/11,0.00668953
8/16/11,0.005092879
8/17/11,0.009513678
8/18/11,-0.002504244
8/19/11,0.002112452
8/22/11,0.004246035
8/23/11,-0.002799174
8/24/11,-0.015282984
8/25/11,0.000446066
8/26/11,0.014921301
8/29/11,-0.000497139
8/30/11,0.013306263
8/31/11,-0.003545164
9/1/11,0.004548549
9/2/11,0.010274588
9/5/11,#N/A
9/6/11,-0.000370097
9/7/11,-0.005032708
9/8/11,0.005595585
9/9/11,-0.005541255
9/12/11,-0.004175632
9/13/11,-0.000115814
9/14/11,0.004894872
9/15/11,-0.003310979
9/16/11,0.00453721
9/19/11,-0.000225527
9/20/11,0.003493077
9/21/11,5.49368E-05
9/22/11,-0.003630725
9/23/11,-0.016747392
9/26/11,-0.002681402
9/27/11,0.002571207
9/28/11,-0.014227557
9/29/11,0.00640412
9/30/11,-0.002681898
10/3/11,0.004053307
10/4/11,-0.004253985
10/5/11,0.007085668
10/6/11,0.003353121
10/7/11,-0.006068679
10/10/11,0.012393198
10/11/11,-0.003490388
10/12/11,0.00236992
10/13/11,0.001633207
10/14/11,0.003249367
10/17/11,-0.001199179
10/18/11,0.002260568
10/19/11,-0.007463601
10/20/11,-0.002603579
10/21/11,0.004557398
10/24/11,0.011927154
10/25/11,0.007389048
10/26/11,-0.001919103
10/27/11,0.002447481
10/28/11,0.00290681
10/31/11,0.003314213
11/1/11,0.002261143
11/2/11,0.002918756
11/3/11,0.004802364
11/4/11,-0.001343685
11/7/11,0.008517017
11/8/11,-0.0027842
11/9/11,-0.007554012
11/10/11,-0.00443545
11/11/11,0.007955059
11/14/11,0.000619919
11/15/11,0.001119943
11/16/11,-0.003886595
11/17/11,-0.00828401
11/18/11,-6.87E-05
11/21/11,-0.008658282
11/22/11,0.004353305
11/23/11,-0.006091612
11/24/11,#N/A
11/25/11,-0.008084034
11/28/11,0.014330253
11/29/11,0.000550357
11/30/11,0.010276567
12/1/11,-0.001876214
12/2/11,0.006922648
12/5/11,-0.000921925
12/6/11,-0.000913456
12/7/11,0.001559498
12/8/11,-0.006067405
12/9/11,-0.001432959
12/12/11,-0.00613407
12/13/11,-0.002970342
12/14/11,-0.006058436
12/15/11,-0.001160787
12/16/11,0.00984159
12/19/11,0.001095309
12/20/11,0.004333039
12/21/11,-0.002997534
12/22/11,0.002889933
12/23/11,-0.00078859
12/26/11,#N/A
12/27/11,0.001233127
12/28/11,-0.00251104
12/29/11,0.003013412
12/30/11,0.002225116
1/2/12,#N/A
1/3/12,0.00588967
1/4/12,-0.002604407
1/5/12,-7.83E-04
1/6/12,0.001550841
1/9/12,-6.41E-04
1/10/12,0.00514109
1/11/12,0.005547937
1/12/12,-0.000975462
1/13/12,0.000877289
1/16/12,#N/A
1/17/12,0.004550454
1/18/12,-0.000172075
1/19/12,-0.003339809
1/20/12,-0.003687871
1/23/12,0.00094894
1/24/12,-3.48519E-05
1/25/12,0.00827538
1/26/12,0.005312665
1/27/12,0.002811938
1/30/12,0.000663983
1/31/12,0.005497946
2/1/12,-0.000885779
2/2/12,0.002166713
2/3/12,-0.006546946
2/6/12,0.003413293
2/7/12,-0.00085127
2/8/12,2.64E-05
2/9/12,-0.002180897
2/10/12,-0.000461862
2/13/12,0.003044888
2/14/12,0.001109138
2/15/12,-5.36E-04
2/16/12,0.000562961
2/17/12,-0.000774286
2/20/12,#N/A
2/21/12,0.00241938
2/22/12,0.007385708
2/23/12,0.00208967
2/24/12,0.002888271
2/27/12,0.001843914
2/28/12,0.001595847
2/29/12,-0.013141635
3/1/12,0.002710268
3/2/12,0.000232533
3/5/12,-0.005854651
3/6/12,-0.006142762
3/7/12,1.51E-03
3/8/12,0.002554383
3/9/12,0.003312883
3/12/12,-0.001770299
3/13/12,-0.003949208
3/14/12,-0.013366642
3/15/12,0.002804571
3/16/12,0.001884469
3/19/12,-0.00263179
3/20/12,-0.002336161
3/21/12,0.002982959
3/22/12,-0.001507729
3/23/12,0.006927376
3/26/12,0.005599639
3/27/12,4.74E-04
3/28/12,-0.004952742
3/29/12,0.000511204
3/30/12,-0.003583013
4/2/12,0.006089474
4/3/12,-0.010666225
4/4/12,-0.00266104
4/5/12,0.003625932
4/6/12,#N/A
4/9/12,0.005759136
4/10/12,1.28E-04
4/11/12,-0.001292537
4/12/12,0.006201303
4/13/12,-0.000381372
4/16/12,-0.001907913
4/17/12,0.003648281
4/18/12,-0.001788788
4/19/12,-0.00090465
4/20/12,0.001171408
4/23/12,-0.000182686
4/24/12,-0.001154679
4/25/12,0.00324397
4/26/12,0.00538958
4/27/12,0.001392557
4/30/12,4.69E-04
5/1/12,-0.001103767
5/2/12,0.00050603
5/3/12,-0.004846281
5/4/12,-2.04E-03
5/7/12,-0.000195018
5/8/12,-0.002794032
5/9/12,-0.004120881
5/10/12,-3.45E-04
5/11/12,5.99E-04
5/14/12,-0.002619659
5/15/12,-0.002176392
5/16/12,-2.08E-03
5/17/12,0.004281657
5/18/12,0.000535249
5/21/12,0.006107391
5/22/12,-0.008378571
5/23/12,0.000823299
5/24/12,-0.001135924
5/25/12,0.002193005
5/28/12,#N/A
5/29/12,0.000712515
5/30/12,0.004171006
5/31/12,0.000386755
6/1/12,0.006775722
6/4/12,-0.002370116
6/5/12,-0.002685056
6/6/12,0.001366748
6/7/12,-0.002881771
6/8/12,0.00283887
6/11/12,-0.003391095
6/12/12,0.001911165
6/13/12,0.001483144
6/14/12,0.004808251
6/15/12,0.004094645
6/18/12,0.002656334
6/19/12,-0.00129429
6/20/12,-0.001060327
6/21/12,-0.01071344
6/22/12,-0.000106218
6/25/12,0.004171051
6/26/12,-0.001352871
6/27/12,0.004265049
6/28/12,-0.00282795
6/29/12,0.011670972
7/2/12,0.003954106
7/3/12,0.00527021
7/4/12,#N/A
7/5/12,-0.000626063
7/6/12,-0.003517062
7/9/12,0.004949539
7/10/12,-0.005350927
7/11/12,0.00306246
7/12/12,0.001100092
7/13/12,0.005689366
7/16/12,0.001873899
7/17/12,-0.001403939
7/18/12,0.002712339
7/19/12,0.001560029
7/20/12,0.002058785
7/23/12,-0.003395841
7/24/12,-8.1436E-05
7/25/12,0.00389211
7/26/12,2.97E-03
7/27/12,1.72E-04
7/30/12,0.002904741
7/31/12,-0.003119459
8/1/12,-0.002919287
8/2/12,-0.002111624
8/3/12,0.002401072
8/6/12,0.001989188
8/7/12,-0.002905164
8/8/12,-0.00095752
8/9/12,0.001396987
8/10/12,0.001606587
8/13/12,-0.002853086
8/14/12,-0.005367624
8/15/12,-0.003813138
8/16/12,0.000634704
8/17/12,0.002387791
8/20/12,0.002020968
8/21/12,0.004339506
8/22/12,0.007840494
8/23/12,0.001037663
8/24/12,0.001129693
8/27/12,0.000695605
8/28/12,0.001039534
8/29/12,-0.002027713
8/30/12,0.000369074
8/31/12,0.011802792
9/3/12,#N/A
9/4/12,-1.56E-04
9/5/12,-0.002322859
9/6/12,-0.000416289
9/7/12,0.004715282
9/10/12,-0.001650617
9/11/12,0.000329361
9/12/12,-0.002433438
9/13/12,0.006975598
9/14/12,-0.006605357
9/17/12,-0.001178782
9/18/12,0.002128713
9/19/12,0.000656937
9/20/12,9.21913E-05
9/21/12,0.001434559
9/24/12,-1.34E-05
9/25/12,-0.000244395
9/26/12,-0.00017073
9/27/12,0.005366271
9/28/12,-0.001343202
10/1/12,0.001886643
10/2/12,-0.00050782
10/3/12,-0.000266335
10/4/12,0.001417929
10/5/12,-0.006237343
10/8/12,1.05E-03
10/9/12,-0.003333093
10/10/12,0.000590273
10/11/12,0.005394676
10/12/12,-0.002445802
10/15/12,-0.000801861
10/16/12,-0.000994177
10/17/12,-0.001771933
10/18/12,-0.003435783
10/19/12,-0.002979746
10/22/12,-0.002015149
10/23/12,-0.00170471
10/24/12,-0.005026866
10/25/12,0.000586615
10/26/12,0.004615169
10/29/12,#N/A
10/30/12,#N/A
10/31/12,0.003262162
11/1/12,-0.001236029
11/2/12,-0.008055468
11/5/12,0.003868183
11/6/12,0.003738484
11/7/12,-0.000709229
11/8/12,0.004002235
11/9/12,0.000931693
11/12/12,-0.000162488
11/13/12,-0.000538199
11/14/12,-0.002900738
11/15/12,-0.002814755
11/16/12,0.001464916
11/19/12,0.008344463
11/20/12,-0.004495363
11/21/12,0.000860823
11/22/12,#N/A
11/23/12,0.005292861
11/26/12,0.001110353
11/27/12,-3.66E-04
11/28/12,-0.001662478
11/29/12,0.003338809
11/30/12,-0.001879428
12/3/12,0.000762993
12/4/12,-0.001073817
12/5/12,3.35813E-05
12/6/12,0.001125913
12/7/12,-0.002322181
12/10/12,0.002389146
12/11/12,-0.001655542
12/12/12,-0.002780686
12/13/12,-0.00393747
12/14/12,0.002078709
12/17/12,-0.001919329
12/18/12,-0.003615971
12/19/12,-0.000234356
12/20/12,-0.001000339
12/21/12,0.002184586
12/24/12,-0.001924602
12/25/12,#N/A
12/26/12,0.002063995
12/27/12,0.00180602
12/28/12,-0.001522726
12/31/12,3.87E-04
1/1/13,#N/A
1/2/13,3.43E-03
1/3/13,-0.008601492
1/4/13,0.001085947
1/7/13,-1.15E-03
1/8/13,0.003219699
1/9/13,3.57E-04
1/10/13,0.002702619
1/11/13,0.001945521
1/14/13,-0.000157589
1/15/13,0.002666239
1/16/13,0.000489647
1/17/13,-2.95E-04
1/18/13,0.003837701
1/21/13,#N/A
1/22/13,0.002701688
1/23/13,-0.000906637
1/24/13,-0.002673449
1/25/13,-0.004872079
1/28/13,-0.001971957
1/29/13,-0.000190115
1/30/13,-4.60085E-05
1/31/13,-0.000341755
2/1/13,-0.001415355
2/4/13,0.001994086
2/5/13,-0.000556927
2/6/13,0.003241886
2/7/13,-0.002477521
2/8/13,0.002606162
2/11/13,-0.002861989
2/12/13,4.67E-04
2/13/13,-0.003214466
2/14/13,0.002355051
2/15/13,-0.004631179
2/18/13,#N/A
2/19/13,-0.001172701
2/20/13,-0.007358003
2/21/13,0.00115472
2/22/13,0.002889644
2/25/13,0.003979628
2/26/13,0.002079513
2/27/13,-0.001024095
2/28/13,-0.001916241
3/1/13,0.0012574
3/4/13,-0.001530403
3/5/13,0.002316859
3/6/13,-0.00255754
3/7/13,-0.001891382
3/8/13,-0.00216602
3/11/13,0.001163302
3/12/13,0.003771869
3/13/13,-0.001149133
3/14/13,1.48E-03
3/15/13,0.002014221
3/18/13,0.002673077
3/19/13,0.001575787
3/20/13,-0.001972273
3/21/13,0.002092562
3/22/13,0.000664892
3/25/13,-0.001498974
3/26/13,0.002501281
3/27/13,0.004090061
3/28/13,-0.002865674
3/29/13,#N/A
4/1/13,0.002205602
4/2/13,-0.004131349
4/3/13,-0.00274201
4/4/13,0.004246457
4/5/13,0.009499168
4/8/13,-0.001781792
4/9/13,0.002336392
4/10/13,-0.005118244
4/11/13,0.001295026
4/12/13,-0.005306374
4/15/13,-0.021816013
4/16/13,0.004321672
4/17/13,-0.002225679
4/18/13,0.002489416
4/19/13,0.002292153
4/22/13,0.005057428
4/23/13,-0.00051336
4/24/13,0.004619422
4/25/13,0.005433525
4/26/13,0.001114703
4/29/13,0.003483453
4/30/13,0.001118618
5/1/13,-2.70E-03
5/2/13,0.005045585
5/3/13,-0.004759506
5/6/13,0.000164625
5/7/13,-0.003087635
5/8/13,0.005229054
5/9/13,-0.004179378
5/10/13,-0.005888013
5/13/13,-0.005355844
5/14/13,-0.002846857
5/15/13,-1.30E-03
5/16/13,0.002425583
5/17/13,-0.006061514
5/20/13,0.006069957
5/21/13,-0.000257986
5/22/13,-0.00986054
5/23/13,0.004983989
5/24/13,-0.001659675
5/27/13,#N/A
5/28/13,-0.007637644
5/29/13,0.003063339
5/30/13,0.002806375
5/31/13,-0.010993748
6/3/13,0.007274118
6/4/13,-0.005403526
6/5/13,5.22E-04
6/6/13,0.004702954
6/7/13,-0.00787248
6/10/13,-0.00146127
6/11/13,-0.000732368
6/12/13,-0.004906221
6/13/13,0.010363075
6/14/13,-0.000275389
6/17/13,-0.001195677
6/18/13,-1.54E-07
6/19/13,-0.010582844
6/20/13,-0.025272581
6/21/13,-0.005101116
6/24/13,-0.005237639
6/25/13,0.000721124
6/26/13,-0.002488248
6/27/13,0.002138156
6/28/13,0.004630903
7/1/13,0.006984207
7/2/13,-0.002171524
7/3/13,0.001657396
7/4/13,#N/A
7/5/13,-0.015997583
7/8/13,0.009550315
7/9/13,0.004124925
7/10/13,-0.001093063
7/11/13,0.014498655
7/12/13,-4.29302E-05
7/15/13,0.003082465
7/16/13,0.001075404
7/17/13,0.000177042
7/18/13,-0.000748736
7/19/13,0.00734564
7/22/13,0.006391604
7/23/13,-0.000842493
7/24/13,-0.010627733
7/25/13,0.001725811
7/26/13,0.001727573
7/29/13,-0.004035415
7/30/13,-0.000555059
7/31/13,0.002491139
8/1/13,-0.007692821
8/2/13,0.004223991
8/5/13,-0.005046829
8/6/13,-0.003749897
8/7/13,0.000836174
8/8/13,0.006617
8/9/13,0.000859508
8/12/13,0.001902354
8/13/13,-0.006614529
8/14/13,0.001864772
8/15/13,-0.003548792
8/16/13,-0.001145801
8/19/13,-0.006361761
8/20/13,0.00594617
8/21/13,-0.006171072
8/22/13,0.007214371
8/23/13,0.009004794
8/26/13,0.002622232
8/27/13,0.002709117
8/28/13,-0.001358149
8/29/13,0.001770718
8/30/13,-0.003632086
9/2/13,#N/A
9/3/13,-0.001899059
9/4/13,-0.001703259
9/5/13,-0.009094104
9/6/13,0.005759771
9/9/13,0.001706418
9/10/13,-0.004262175
9/11/13,0.003912995
9/12/13,-0.006298791
9/13/13,0.001479964
9/16/13,-0.00354408
9/17/13,0.003402544
9/18/13,0.018418419
9/19/13,-0.003622154
9/20/13,-0.005840729
9/23/13,3.23E-04
9/24/13,0.003177281
9/25/13,0.00184534
9/26/13,-0.002396892
9/27/13,0.0010667
9/30/13,-0.003460191
10/1/13,-0.00447324
10/2/13,0.004940505
10/3/13,-0.002011139
10/4/13,0.000807948
10/7/13,0.001620354
10/8/13,-0.002419445
10/9/13,-0.005370513
10/10/13,0.004261641
10/11/13,-0.001477213
10/14/13,-0.001408124
10/15/13,-0.000741117
10/16/13,0.008440205
10/17/13,0.010528607
10/18/13,0.002225828
10/21/13,-0.001662716
10/22/13,0.008729835
10/23/13,-0.001917223
10/24/13,0.001179563
10/25/13,0.003130821
10/28/13,-0.000529337
10/29/13,0.000277606
10/30/13,-0.003806576
10/31/13,-0.003226283
11/1/13,-0.00627182
11/4/13,0.000824046
11/5/13,-0.005825097
11/6/13,0.002176427
11/7/13,-0.001660562
11/8/13,-0.008296112
11/11/13,-0.001994809
11/12/13,-0.001720507
11/13/13,0.004588926
11/14/13,0.006108795
11/15/13,0.001689189
11/18/13,-0.002100314
11/19/13,-0.003346032
11/20/13,-0.010766353
11/21/13,0.003942077
11/22/13,0.004590384
11/25/13,0.001766314
11/26/13,0.000601668
11/27/13,-0.000723788
11/28/13,#N/A
11/29/13,0.00188222
12/2/13,-0.007868942
12/3/13,0.001606474
12/4/13,-0.000736355
12/5/13,-0.004296871
12/6/13,0.004839384
12/9/13,0.003301687
12/10/13,0.005403743
12/11/13,-0.006940163
12/12/13,-0.00684769
12/13/13,0.003296827
12/16/13,0.000991079
12/17/13,-0.001072375
12/18/13,0.00017578
12/19/13,-0.004852299
12/20/13,0.009306039
12/23/13,-0.001308017
12/24/13,-0.001197105
12/25/13,#N/A
12/26/13,0.000878347
12/27/13,-0.000238659
12/30/13,-0.000711315
12/31/13,-0.000418837
1/1/14,#N/A
1/2/14,0.0011453
1/3/14,0.00121837
1/6/14,0.001803609
1/7/14,0.000953101
1/8/14,-0.003015148
1/9/14,0.002119665
1/10/14,0.008654791
1/13/14,3.00E-04
1/14/14,-0.000979007
1/15/14,8.80E-04
1/16/14,0.002142816
1/17/14,0.002637827
1/20/14,#N/A
1/21/14,-0.000482371
1/22/14,-0.001035173
1/23/14,0.006965715
1/24/14,-0.00216068
1/27/14,-0.006376716
1/28/14,0.003433323
1/29/14,0.002612261
1/30/14,-0.002961209
1/31/14,0.001411301
2/3/14,0.001199021
2/4/14,-0.001736434
2/5/14,-0.002827888
2/6/14,0.00175552
2/7/14,0.00621237
2/10/14,0.001839476
2/11/14,0.003098552
2/12/14,-0.001511515
2/13/14,0.005752519
2/14/14,0.004158721
2/17/14,#N/A
2/18/14,0.003461054
2/19/14,-0.004482023
2/20/14,0.003069175
2/21/14,0.001515312
2/24/14,0.003043275
2/25/14,0.00305254
2/26/14,0.000501198
2/27/14,0.00301647
2/28/14,2.69E-04
3/3/14,0.006078501
3/4/14,-0.004309586
3/5/14,-1.32E-04
3/6/14,-0.000553879
3/7/14,-0.004914534
3/10/14,-0.000458789
3/11/14,0.000757747
3/12/14,0.005229199
3/13/14,0.00217687
3/14/14,0.001503529
3/17/14,-0.004048682
3/18/14,0.002500092
3/19/14,-0.008232627
3/20/14,0.000104426
3/21/14,0.003915328
3/24/14,-0.001844582
3/25/14,0.000750741
3/26/14,-0.000318173
3/27/14,0.000850418
3/28/14,-0.000824188
3/31/14,-0.000233963
4/1/14,-0.002816925
4/2/14,-0.000473375
4/3/14,0.001372582
4/4/14,0.003103038
4/7/14,-0.001724705
4/8/14,0.00501028
4/9/14,0.001407521
4/10/14,-0.000338379
4/11/14,-3.81E-04
4/14/14,0.003218539
4/15/14,0.000349042
4/16/14,0.00274943
4/17/14,-0.004551766
4/18/14,#N/A
4/21/14,-0.000640124
4/22/14,0.001598821
4/23/14,0.001452528
4/24/14,0.002763638
4/25/14,-0.000535381
4/28/14,-0.002611595
4/29/14,0.000970449
4/30/14,0.00059638
5/1/14,0.002170754
5/2/14,0.004541709
5/5/14,-0.000419277
5/6/14,-0.000544909
5/7/14,-0.002435401
5/8/14,-0.002345318
5/9/14,-0.00112064
5/12/14,0.002366073
5/13/14,0.003171147
5/14/14,0.005085874
5/15/14,-1.27E-03
5/16/14,-0.000101175
5/19/14,-0.001407234
5/20/14,-0.000480749
5/21/14,-0.000936082
5/22/14,0.000755986
5/23/14,0.002889493
5/26/14,#N/A
5/27/14,-1.35E-03
5/28/14,0.00320482
5/29/14,-0.001030889
5/30/14,-0.001508688
6/2/14,-0.004149931
6/3/14,-0.00393557
6/4/14,-0.000368973
6/5/14,0.003588846
6/6/14,0.001846094
6/9/14,5.33E-04
6/10/14,-0.000576222
6/11/14,-2.36E-04
6/12/14,0.005014789
6/13/14,0.00110765
6/16/14,0.000443963
6/17/14,-0.002301486
6/18/14,0.005886582
6/19/14,0.003117671
6/20/14,0.002800081
6/23/14,-0.001052335
6/24/14,0.002417709
6/25/14,0.002267083
6/26/14,0.000553667
6/27/14,-0.00032576
6/30/14,0.002125946
7/1/14,-0.002330601
7/2/14,-0.003905363
7/3/14,-0.001505627
7/4/14,#N/A
7/7/14,0.000383646
7/8/14,0.002299989
7/9/14,0.001316311
7/10/14,-0.000111661
7/11/14,0.002075312
7/14/14,-0.004570919
7/15/14,-0.004176201
7/16/14,0.002844293
7/17/14,0.004316837
7/18/14,-0.000451094
7/21/14,0.001791247
7/22/14,0.000596319
7/23/14,0.000445003
7/24/14,-0.004197617
7/25/14,0.005343243
7/28/14,-0.001577645
7/29/14,-0.000542971
7/30/14,-0.0064317
7/31/14,-0.008908291
8/1/14,0.002820329
8/4/14,1.68E-03
8/5/14,-0.001537329
8/6/14,0.003998199
8/7/14,0.003329406
8/8/14,0.001462074
8/11/14,0.001320554
8/12/14,-0.003255679
8/13/14,0.004319068
8/14/14,0.002831376
8/15/14,0.003397259
8/18/14,-0.002921198
8/19/14,-0.00039373
8/20/14,-0.000371046
8/21/14,0.000652978
8/22/14,0.001516351
8/25/14,0.002160938
8/26/14,3.01E-04
8/27/14,0.002806169
8/28/14,0.002445238
8/29/14,0.000929988
9/1/14,#N/A
9/2/14,-0.010417518
9/3/14,0.002460647
9/4/14,-0.006640685
9/5/14,6.88E-04
9/8/14,-0.00290116
9/9/14,-0.00305834
9/10/14,-0.003075938
9/11/14,-0.002533035
9/12/14,-0.007550471
9/15/14,0.000240744
9/16/14,0.001555785
9/17/14,-0.002534841
9/18/14,0.001462136
9/19/14,0.002945864
9/22/14,-0.002891466
9/23/14,0.001223839
9/24/14,-0.001411348
9/25/14,0.000281892
9/26/14,0.000188564
9/29/14,0.002672948
9/30/14,-0.004810664
10/1/14,0.004994705
10/2/14,-0.003041362
10/3/14,-0.000177882
10/6/14,0.00364486
10/7/14,0.001237558
10/8/14,0.005346517
10/9/14,-0.008224178
10/10/14,-7.65E-04
10/13/14,-3.03E-04
10/14/14,0.001943369
10/15/14,0.001009416
10/16/14,0.000625223
10/17/14,0.001635686
10/20/14,0.004871618
10/21/14,0.003554993
10/22/14,-0.004471485
10/23/14,-0.000899783
10/24/14,1.21E-03
10/27/14,-1.09E-03
10/28/14,1.46E-03
10/29/14,-0.000980741
10/30/14,-0.001449943
10/31/14,-0.002683701
11/3/14,-0.001298097
11/4/14,-1.59E-03
11/5/14,-0.003304386
11/6/14,-0.000620554
11/7/14,0.00991011
11/10/14,-0.007608311
11/11/14,0.003960307
11/12/14,-0.002124978
11/13/14,-0.001631922
11/14/14,0.006529269
11/17/14,-0.002020388
11/18/14,0.002755647
11/19/14,-0.005435386
11/20/14,0.005149999
11/21/14,0.006035288
11/24/14,-0.000424704
11/25/14,0.003075135
11/26/14,0.000999263
11/27/14,#N/A
11/28/14,-0.009338063
12/1/14,0.004067703
12/2/14,-0.00573972
12/3/14,0.003743655
12/4/14,0.001536511
12/5/14,-0.004285467
12/8/14,0.002307186
12/9/14,0.00633325
12/10/14,-0.004566413
12/11/14,0.000240564
12/12/14,-0.001944952
12/15/14,-0.008561977
12/16/14,0.002557287
12/17/14,0.004028957
12/18/14,7.13E-04
12/19/14,0.008127799
12/22/14,-0.004697813
12/23/14,-0.004447507
12/24/14,0.001195604
12/25/14,#N/A
12/26/14,0.004501725
12/29/14,2.28E-04
12/30/14,0.002005534
12/31/14,-0.005017544
1/1/15,#N/A
1/2/15,0.003245715
1/5/15,0.00182832
1/6/15,0.004813452
1/7/15,9.08E-04
1/8/15,-0.000318861
1/9/15,0.005049041
1/12/15,0.00011423
1/13/15,-0.001471774
1/14/15,0.002082448
1/15/15,0.005602392
1/16/15,0.003141767
1/19/15,#N/A
1/20/15,0.005596348
1/21/15,-0.001491988
1/22/15,0.003154774
1/23/15,0.001860928
1/26/15,-0.001657894
1/27/15,0.000880746
1/28/15,-0.000191431
1/29/15,-0.004298567
1/30/15,0.00977075
2/2/15,0.001418348
2/3/15,-0.002556637
2/4/15,-0.002362286
2/5/15,0.001039714
2/6/15,-0.01097379
2/9/15,-3.37976E-05
2/10/15,-0.002673117
2/11/15,-0.002313563
2/12/15,0.002658036
2/13/15,-0.000257562
2/16/15,#N/A
2/17/15,-0.008032209
2/18/15,0.002006101
2/19/15,-0.003736287
2/20/15,1.10E-03
2/23/15,0.003618904
2/24/15,0.004946368
2/25/15,0.004325496
2/26/15,-0.005201544
2/27/15,0.003623705
3/2/15,-0.007634847
3/3/15,-0.00220195
3/4/15,-0.002486648
3/5/15,-0.000408045
3/6/15,-0.017665485
3/9/15,0.003394973
3/10/15,-0.001245334
3/11/15,0.002344083
3/12/15,0.0018964
3/13/15,-0.004609749
3/16/15,0.005249893
3/17/15,-0.000119804
3/18/15,0.016912313
3/19/15,-0.00577408
3/20/15,0.008296555
3/23/15,0.001789788
3/24/15,0.002235111
3/25/15,-0.005735727
3/26/15,-0.003308897
3/27/15,0.00216459
3/30/15,-0.000377949
3/31/15,-0.002533655
4/1/15,0.009625901
4/2/15,-0.004005196
4/3/15,#N/A
4/6/15,0.003381725
4/7/15,0.002879227
4/8/15,-0.002206949
4/9/15,-0.00528379
4/10/15,0.004970747
4/13/15,-0.002375354
4/14/15,0.00219603
4/15/15,0.005069395
4/16/15,-1.67E-03
4/17/15,0.001938479
4/20/15,-0.003019849
4/21/15,-0.001234608
4/22/15,-0.006773083
4/23/15,0.004660752
4/24/15,4.46946E-05
4/27/15,0.002767201
4/28/15,-0.002808878
4/29/15,-0.005971151
4/30/15,-0.003891747
5/1/15,-0.003311422
5/4/15,-0.001081094
5/5/15,-0.001537537
5/6/15,-0.007083158
5/7/15,0.002170939
5/8/15,0.006148133
5/11/15,-0.011508856
5/12/15,0.003008954
5/13/15,4.43E-04
5/14/15,0.005271793
5/15/15,0.008055612
5/18/15,-0.005727632
5/19/15,-0.008224165
5/20/15,0.000312756
5/21/15,0.006275865
5/22/15,-0.00138676
5/25/15,#N/A
5/26/15,-0.001112567
5/27/15,0.001403875
5/28/15,-0.00033509
5/29/15,0.001242783
6/1/15,-0.003371293
6/2/15,-0.003307295
6/3/15,-0.008577311
6/4/15,0.000204977
6/5/15,-0.005396125
6/8/15,-0.000929895
6/9/15,-0.001095529
6/10/15,0.001437605
6/11/15,0.006381636
6/12/15,-0.002988384
6/15/15,-0.000796851
6/16/15,0.004364043
6/17/15,-0.001349819
6/18/15,0.003158867
6/19/15,0.002445804
6/22/15,-0.007563808
6/23/15,-0.001937688
6/24/15,-1.01E-04
6/25/15,-0.002450487
6/26/15,-0.003846443
6/29/15,0.004418404
6/30/15,0.000122944
7/1/15,-0.005375287
7/2/15,0.001027154
7/3/15,#N/A
7/6/15,0.00236388
7/7/15,0.001705132
7/8/15,-0.000963659
7/9/15,-0.004346127
7/10/15,-0.001508282
7/13/15,4.35E-04
7/14/15,0.001031312
7/15/15,0.001198257
7/16/15,0.002836883
7/17/15,-0.001047701
7/20/15,-0.008924122
7/21/15,0.000626621
7/22/15,-0.001789804
7/23/15,0.001422873
7/24/15,-0.000671011
7/27/15,-0.003022606
7/28/15,0.001797244
7/29/15,1.62E-03
7/30/15,0.001396684
7/31/15,0.001755754
8/3/15,-0.000552583
8/4/15,-0.001969743
8/5/15,-0.00328953
8/6/15,0.001543223
8/7/15,0.003503036
8/10/15,0.002679079
8/11/15,0.002522626
8/12/15,0.000260689
8/13/15,-0.003590065
8/14/15,0.000914554
8/17/15,0.002811353
8/18/15,-0.004029019
8/19/15,0.002854564
8/20/15,0.002050328
8/21/15,-0.005607131
8/24/15,-0.012661081
8/25/15,-0.009243651
8/26/15,-0.001611011
8/27/15,0.009979231
8/28/15,0.005762371
8/31/15,-0.001522176
9/1/15,-0.006429613
9/2/15,0.001174181
9/3/15,0.001570522
9/4/15,-0.001569577
9/7/15,#N/A
9/8/15,0.0013524
9/9/15,-0.004834195
9/10/15,0.000414258
9/11/15,0.002431566
9/14/15,-0.001706653
9/15/15,-0.004541504
9/16/15,0.003815603
9/17/15,0.005281544
9/18/15,0.001646897
9/21/15,-0.005164118
9/22/15,-0.000830011
9/23/15,-0.000834131
9/24/15,0.005279428
9/25/15,-0.004766316
9/28/15,-5.56E-03
9/29/15,0.000898226
9/30/15,0.002259162
10/1/15,-0.00021519
10/2/15,0.009543567
10/5/15,0.001901121
10/6/15,0.005792545
10/7/15,0.00188394
10/8/15,-0.001011798
10/9/15,0.004544652
10/12/15,0.001367836
10/13/15,-0.000976644
10/14/15,0.005406283
10/15/15,0.000419784
10/16/15,0.000428989
10/19/15,-0.002956984
10/20/15,-0.00081395
10/21/15,-0.000728828
10/22/15,0.003662095
10/23/15,-0.001338708
10/26/15,0.001286394
10/27/15,-4.20E-04
10/28/15,0.001852384
10/29/15,-0.008632368
10/30/15,0.002483468
11/2/15,-0.000345455
11/3/15,-0.002985374
11/4/15,-0.004089239
11/5/15,-0.003227875
11/6/15,-0.009206502
11/9/15,-0.004957823
11/10/15,0.000440662
11/11/15,-0.003651023
11/12/15,-0.003794011
11/13/15,-0.001820214
11/16/15,0.004007006
11/17/15,-0.003561559
11/18/15,0.004644784
11/19/15,0.002477255
11/20/15,-0.00128221
11/23/15,8.68386E-05
11/24/15,0.003623322
11/25/15,1.40E-04
11/26/15,#N/A
11/27/15,-0.003558066
11/30/15,1.01E-03
12/1/15,0.009553486
12/2/15,-0.007254157
12/3/15,-0.009528953
12/4/15,0.00994869
12/7/15,-0.004786584
12/8/15,-0.00340327
12/9/15,-0.001317428
12/10/15,-0.000289017
12/11/15,-0.001845336
12/14/15,-0.008409832
12/15/15,0.002143827
12/16/15,0.005039817
12/17/15,-0.005900908
12/18/15,0.001371725
12/21/15,0.002328006
12/22/15,-0.000108867
12/23/15,0.002261054
12/24/15,0.003440004
12/25/15,#N/A
12/28/15,-0.0033383
12/29/15,-0.001102219
12/30/15,-0.004037458
12/31/15,0.000507294
1/1/16,#N/A
1/4/16,0.000429618
1/5/16,-0.001183506
1/6/16,0.003108151
1/7/16,-0.003006894
1/8/16,-0.002338189
1/11/16,-0.008719296
1/12/16,0.004848064
1/13/16,-0.003054166
1/14/16,-0.002306006
1/15/16,-1.23E-03
1/18/16,#N/A
1/19/16,-0.002948695
1/20/16,0.00225864
1/21/16,0.001221119
1/22/16,0.007716253
1/25/16,-3.39E-03
1/26/16,0.008783357
1/27/16,-0.000494052
1/28/16,0.00139137
1/29/16,0.009847468
2/1/16,-0.002217859
2/2/16,-2.31E-04
2/3/16,0.003751058
2/4/16,0.003582169
2/5/16,-0.002582528
2/8/16,0.004442466
2/9/16,-0.003684754
2/10/16,0.00450543
2/11/16,0.007568955
2/12/16,1.01E-03
2/15/16,#N/A
2/16/16,-0.006838137
2/17/16,0.005776657
2/18/16,0.007524358
2/19/16,-0.001353552
2/22/16,0.002459356
2/23/16,9.13999E-05
2/24/16,0.002539729
2/25/16,0.004793191
2/26/16,-0.003714203
2/29/16,0.005686661
3/1/16,-0.000120453
3/2/16,0.003244689
3/3/16,0.006509095
3/4/16,0.000705891
3/7/16,0.003349942
3/8/16,-0.002007092
3/9/16,-0.000657343
3/10/16,0.002525977
3/11/16,-0.000936151
3/14/16,-0.002927606
3/15/16,-0.002706419
3/16/16,0.009299813
3/17/16,0.004492967
3/18/16,0.00138515
3/21/16,-0.003640214
3/22/16,0.00070789
3/23/16,-0.004789295
3/24/16,-0.001779537
3/25/16,#N/A
3/28/16,0.000512003
3/29/16,0.00952047
3/30/16,-0.005250484
3/31/16,0.003168758
4/1/16,-0.000742948
4/4/16,-0.003687206
4/5/16,0.003449848
4/6/16,0.001065358
4/7/16,0.003454081
4/8/16,0.001435849
4/11/16,0.002542359
4/12/16,0.002807822
4/13/16,0.003176038
4/14/16,-0.005199349
4/15/16,0.003470592
4/18/16,0.000954979
4/19/16,0.00531043
4/20/16,-0.002139441
4/21/16,-0.003301003
4/22/16,-0.003007523
4/25/16,-0.002120293
4/26/16,0.001624517
4/27/16,0.00646086
4/28/16,0.003504446
4/29/16,0.004678891
5/2/16,-0.004050014
5/3/16,-0.00070003
5/4/16,-0.000892657
5/5/16,0.000833752
5/6/16,0.001424181
5/9/16,-0.005123328
5/10/16,0.006878825
5/11/16,0.00434499
5/12/16,-0.002656674
5/13/16,0.001644058
5/16/16,0.001165755
5/17/16,-2.52E-05
5/18/16,-0.008890119
5/19/16,-3.63E-04
5/20/16,0.002514547
5/23/16,-5.14E-04
5/24/16,-0.001145356
5/25/16,0.0010634
5/26/16,0.000555968
5/27/16,-0.000438794
5/30/16,#N/A
5/31/16,0.000614824
6/1/16,0.00309307
6/2/16,0.002956252
6/3/16,0.010514525
6/6/16,0.000521736
6/7/16,0.002889792
6/8/16,0.007696062
6/9/16,0.001973293
6/10/16,-0.001670995
6/13/16,0.000160932
6/14/16,-0.001692767
6/15/16,0.00201674
6/16/16,-0.001405027
6/17/16,0.0021746
6/20/16,-0.001502124
6/21/16,-0.004853374
6/22/16,-0.000213935
6/23/16,-0.000435398
6/24/16,0.006393201
6/27/16,0.003164638
6/28/16,0.006124713
6/29/16,0.005218619
6/30/16,0.005324297
7/1/16,0.009649582
7/4/16,#N/A
7/5/16,0.000425931
7/6/16,0.003972681
7/7/16,-0.003591958
7/8/16,0.009997893
7/11/16,-0.004318755
7/12/16,-0.004653761
7/13/16,0.003800406
7/14/16,-0.004772901
7/15/16,-0.004523667
7/18/16,5.86E-04
7/19/16,0.000708053
7/20/16,-0.003775924
7/21/16,0.001909867
7/22/16,7.02E-04
7/25/16,-0.004024469
7/26/16,0.000388524
7/27/16,0.006537754
7/28/16,-0.00198393
7/29/16,0.006280809
8/1/16,-0.006543522
8/2/16,-0.003902558
8/3/16,0.002579762
8/4/16,0.004720054
8/5/16,-0.004475396
8/8/16,0.001705567
8/9/16,0.004649498
8/10/16,#N/A
8/11/16,#N/A
8/12/16,#N/A
8/15/16,#N/A
8/16/16,#N/A
8/17/16,#N/A
8/18/16,#N/A
8/19/16,#N/A
8/22/16,#N/A
8/23/16,#N/A
8/24/16,#N/A
8/25/16,#N/A
8/26/16,#N/A
8/29/16,#N/A
8/30/16,#N/A
8/31/16,#N/A