,Date,Simulated Returns
1331,2/7/06,-0.013482679
1332,2/8/06,0.00089932
1333,2/9/06,0.007227201999999999
1334,2/10/06,-0.008256934
1335,2/13/06,-0.0055783809999999994
1336,2/14/06,0.002432953
1337,2/15/06,-0.00129042
1338,2/16/06,0.005243016
1339,2/17/06,0.006355252
1341,2/21/06,5.575020000000001e-05
1342,2/22/06,0.005122029
1343,2/23/06,-0.004493765
1344,2/24/06,0.004636775
1345,2/27/06,-0.002851272
1346,2/28/06,0.004189387
1347,3/1/06,-0.001298046
1348,3/2/06,-0.000592286
1349,3/3/06,-0.004409013
1350,3/6/06,-0.010737908000000001
1351,3/7/06,-0.002548473
1352,3/8/06,-0.003905504
1353,3/9/06,0.000562244
1354,3/10/06,-0.0019513760000000001
1355,3/13/06,0.002596148
1356,3/14/06,0.008655484
1357,3/15/06,-0.0016760079999999999
1358,3/16/06,0.006550176
1359,3/17/06,-0.0024736660000000002
1360,3/20/06,-0.000692389
1361,3/21/06,-0.004924489000000001
1362,3/22/06,0.002089109
1363,3/23/06,-0.00087446
1364,3/24/06,0.00756353
1365,3/27/06,0.000564972
1366,3/28/06,-0.006588429
1367,3/29/06,0.0033477909999999997
1368,3/30/06,0.0015372620000000002
1369,3/31/06,-0.00210837
1370,4/3/06,0.001419631
1371,4/4/06,-5.63979e-05
1372,4/5/06,0.002997123
1373,4/6/06,-0.001060134
1374,4/7/06,-0.010017839
1375,4/10/06,0.005668053
1376,4/11/06,-0.001762567
1377,4/12/06,-0.0015432689999999999
1378,4/13/06,-0.003181248
1380,4/17/06,0.007327439
1381,4/18/06,0.007872428
1382,4/19/06,0.00383257
1383,4/20/06,-0.009147488
1384,4/21/06,0.011226918
1385,4/24/06,-0.004366339
1386,4/25/06,-0.0033245159999999996
1387,4/26/06,0.001568259
1388,4/27/06,-0.001661379
1389,4/28/06,0.008226981999999999
1390,5/1/06,-0.00418177
1391,5/2/06,0.007449816
1392,5/3/06,-0.00311485
1393,5/4/06,0.002328785
1394,5/5/06,0.007162686
1395,5/8/06,-0.0008486539999999999
1396,5/9/06,0.0065650840000000005
1397,5/10/06,0.0040591229999999996
1398,5/11/06,-0.00309808
1399,5/12/06,-0.007295187
1400,5/15/06,-0.009589772
1401,5/16/06,0.006828127
1402,5/17/06,-0.008682959
1403,5/18/06,0.00427997
1404,5/19/06,-0.003983195
1405,5/22/06,-0.000514901
1406,5/23/06,0.002049651
1407,5/24/06,-0.00715275
1408,5/25/06,0.003914934
1409,5/26/06,0.002627907
1411,5/30/06,-0.00453027
1412,5/31/06,-0.004019038
1413,6/1/06,-0.0005073030000000001
1414,6/2/06,0.011311445
1415,6/5/06,-0.005175913
1416,6/6/06,-0.00122495
1417,6/7/06,-0.002530629
1418,6/8/06,-0.003973558
1419,6/9/06,0.000612595
1420,6/12/06,-0.004489371
1421,6/13/06,-0.016880334
1422,6/14/06,-0.0049570809999999995
1423,6/15/06,0.008482453000000001
1424,6/16/06,-0.001019896
1425,6/19/06,-0.008424555
1426,6/20/06,0.0028433190000000004
1427,6/21/06,0.006862649
1428,6/22/06,-0.006207588000000001
1429,6/23/06,-7.04288e-06
1430,6/26/06,0.001676665
1431,6/27/06,-0.001221111
1432,6/28/06,-0.0019320770000000001
1433,6/29/06,0.014438574
1434,6/30/06,0.010756908999999999
1435,7/3/06,0.005702614
1437,7/5/06,-0.005513830999999999
1438,7/6/06,0.005938385
1439,7/7/06,-2.1899999999999997e-05
1440,7/10/06,-0.0015041979999999998
1441,7/11/06,0.009298611
1442,7/12/06,0.001674168
1443,7/13/06,0.000609696
1444,7/14/06,0.00016649299999999998
1445,7/17/06,-0.006408267
1446,7/18/06,-0.007294004000000001
1447,7/19/06,0.012272772
1448,7/20/06,-0.005738282
1449,7/21/06,-0.005427387
1450,7/24/06,0.002476385
1451,7/25/06,-5.38076e-05
1452,7/26/06,0.00351763
1453,7/27/06,0.002555491
1454,7/28/06,0.005406878
1455,7/31/06,0.0013991
1456,8/1/06,0.0025848629999999997
1457,8/2/06,0.005447833000000001
1458,8/3/06,-0.001807007
1459,8/4/06,0.0035128890000000004
1460,8/7/06,0.001171318
1461,8/8/06,-0.004578061
1462,8/9/06,-0.000791437
1463,8/10/06,-0.00479415
1464,8/11/06,-0.005174499999999999
1465,8/14/06,-0.0024835770000000003
1466,8/15/06,0.006650098
1467,8/16/06,0.0065585090000000006
1468,8/17/06,-0.005057949
1469,8/18/06,0.0027529140000000004
1470,8/21/06,0.005898336
1471,8/22/06,-0.001031567
1472,8/23/06,-0.002117407
1473,8/24/06,0.0015840989999999998
1474,8/25/06,0.0009128710000000001
1475,8/28/06,-0.0015435770000000002
1476,8/29/06,0.00087038
1477,8/30/06,0.00426709
1478,8/31/06,0.003923857
1479,9/1/06,0.000882214
1481,9/5/06,0.0007531780000000001
1482,9/6/06,-0.004892854
1483,9/7/06,-0.00484611
1484,9/8/06,-0.001506719
1485,9/11/06,-0.008518099
1486,9/12/06,0.003635023
1487,9/13/06,0.002234296
1488,9/14/06,-0.0066723
1489,9/15/06,0.00061708
1490,9/18/06,0.002789005
1491,9/19/06,0.000210532
1492,9/20/06,0.002868837
1493,9/21/06,0.00680975
1494,9/22/06,0.0031694979999999998
1495,9/25/06,0.005735915
1496,9/26/06,0.000339823
1497,9/27/06,0.0030956259999999998
1498,9/28/06,-0.000251987
1499,9/29/06,-0.00220152
1500,10/2/06,-0.0008409139999999999
1501,10/3/06,-0.007917121
1502,10/4/06,0.004168372
1503,10/5/06,-0.000469524
1504,10/6/06,-0.005492421999999999
1505,10/9/06,0.004027757
1506,10/10/06,-0.005962016999999999
1507,10/11/06,-0.00317499
1508,10/12/06,0.005203724
1509,10/13/06,0.0029700840000000004
1510,10/16/06,0.0054424469999999996
1511,10/17/06,-0.002057893
1512,10/18/06,0.000244549
1513,10/19/06,0.0029380709999999996
1514,10/20/06,-0.0034605720000000003
1515,10/23/06,-0.004347127
1516,10/24/06,0.002306734
1517,10/25/06,0.007911475
1518,10/26/06,0.005898245
1519,10/27/06,0.001297161
1520,10/30/06,0.0025368820000000003
1521,10/31/06,0.004537647
1522,11/1/06,0.00545552
1523,11/2/06,-0.001017072
1524,11/3/06,-0.004397212
1525,11/6/06,0.003800692
1526,11/7/06,0.003522289
1527,11/8/06,-0.00045620199999999995
1528,11/9/06,0.005015477
1529,11/10/06,0.000164272
1530,11/13/06,-0.000967631
1531,11/14/06,0.002242165
1532,11/15/06,-5.9991199999999996e-05
1533,11/16/06,-0.005068437
1534,11/17/06,0.005110982
1535,11/20/06,0.000700648
1536,11/21/06,0.003967023
1537,11/22/06,0.002416867
1539,11/24/06,0.004156112
1540,11/27/06,-0.000794213
1541,11/28/06,0.0017207989999999999
1542,11/29/06,0.000568423
1543,11/30/06,0.008085555
1544,12/1/06,-8.76997e-05
1545,12/4/06,0.002802898
1546,12/5/06,-0.002419837
1547,12/6/06,-0.005299453000000001
1548,12/7/06,-0.001484679
1549,12/8/06,-0.006005061
1550,12/11/06,0.004448996
1551,12/12/06,0.000519493
1552,12/13/06,-0.004448328
1553,12/14/06,-0.000670456
1554,12/15/06,-0.002784511
1555,12/18/06,-0.001658589
1556,12/19/06,0.0026799659999999998
1557,12/20/06,-0.0005847819999999999
1558,12/21/06,0.000459716
1559,12/22/06,-0.003998179
1561,12/26/06,0.00297686
1562,12/27/06,-0.0018250329999999998
1563,12/28/06,0.001013811
1564,12/29/06,-0.000112895
1567,1/3/07,-0.0013315570000000001
1568,1/4/07,0.000168751
1569,1/5/07,-0.008816659000000001
1570,1/8/07,0.003047678
1571,1/9/07,0.000645568
1572,1/10/07,-0.0035817490000000004
1573,1/11/07,-0.0013852060000000002
1574,1/12/07,0.005224285
1576,1/16/07,-0.00125778
1577,1/17/07,0.001117377
1578,1/18/07,-0.001335364
1579,1/19/07,0.002576981
1580,1/22/07,-0.000397612
1581,1/23/07,0.003620066
1582,1/24/07,0.0016739539999999999
1583,1/25/07,-0.007612586
1584,1/26/07,0.0005064480000000001
1585,1/29/07,-0.00351758
1586,1/30/07,0.00487825
1587,1/31/07,0.008491105
1588,2/1/07,0.0015427610000000001
1589,2/2/07,-0.001015056
1590,2/5/07,0.0008798219999999999
1591,2/6/07,0.0040484679999999995
1592,2/7/07,0.0010935839999999999
1593,2/8/07,0.004154848
1594,2/9/07,-0.002558075
1595,2/12/07,-0.004416472
1596,2/13/07,0.002307464
1597,2/14/07,0.007228126999999999
1598,2/15/07,0.0017247570000000002
1599,2/16/07,0.002915785
1601,2/20/07,-0.001819549
1602,2/21/07,0.006418899999999999
1603,2/22/07,-0.002683686
1604,2/23/07,0.005069878
1605,2/26/07,0.0044640240000000005
1606,2/27/07,-0.01010672
1607,2/28/07,0.003362857
1608,3/1/07,-0.003277423
1609,3/2/07,-0.007125448
1610,3/5/07,-0.004888823
1611,3/6/07,0.00637149
1612,3/7/07,0.0031564370000000002
1613,3/8/07,0.001999087
1614,3/9/07,-0.006962596999999999
1615,3/12/07,0.00245319
1616,3/13/07,-0.003147805
1617,3/14/07,-0.000509251
1618,3/15/07,0.000564135
1619,3/16/07,0.0009818
1620,3/19/07,0.002040564
1621,3/20/07,0.003370755
1622,3/21/07,0.00544887
1623,3/22/07,-0.0032609970000000003
1624,3/23/07,-0.0027963379999999998
1625,3/26/07,0.002566534
1626,3/27/07,-0.002009031
1627,3/28/07,-0.0009273510000000001
1628,3/29/07,-9.74867e-05
1629,3/30/07,-0.001767616
1630,4/2/07,0.001150983
1631,4/3/07,0.001042918
1632,4/4/07,0.004272381
1633,4/5/07,-0.001110682
1635,4/9/07,-0.004795736
1636,4/10/07,0.004828504
1637,4/11/07,-0.0020876429999999997
1638,4/12/07,0.001663588
1639,4/13/07,0.001834036
1640,4/16/07,0.006240877
1641,4/17/07,0.0015878420000000001
1642,4/18/07,0.003928175
1643,4/19/07,-0.003831476
1644,4/20/07,0.004701774000000001
1645,4/23/07,0.000674333
1646,4/24/07,-0.00034527099999999997
1647,4/25/07,0.001738954
1648,4/26/07,-0.007031562
1649,4/27/07,0.0019068879999999998
1650,4/30/07,0.001753815
1651,5/1/07,-0.000138556
1652,5/2/07,0.000772578
1653,5/3/07,0.002427635
1654,5/4/07,0.004664100000000001
1655,5/7/07,0.001673124
1656,5/8/07,-0.002821692
1657,5/9/07,-0.0028272009999999997
1658,5/10/07,-0.005829585
1659,5/11/07,0.002388187
1660,5/14/07,-0.0027422320000000003
1661,5/15/07,0.000569155
1662,5/16/07,-0.001743177
1663,5/17/07,-0.0037638040000000004
1664,5/18/07,-0.000619495
1665,5/21/07,0.003236555
1666,5/22/07,-0.004988815
1667,5/23/07,-0.0003685
1668,5/24/07,-0.004383789
1669,5/25/07,0.001140886
1671,5/29/07,-0.000116451
1672,5/30/07,0.002550554
1673,5/31/07,0.002319732
1674,6/1/07,0.001165343
1675,6/4/07,0.0035968470000000002
1676,6/5/07,-0.005163345
1677,6/6/07,-0.002403943
1678,6/7/07,-0.016820226
1679,6/8/07,-0.00152013
1680,6/11/07,0.001319175
1681,6/12/07,-0.012304458
1682,6/13/07,0.011781866
1683,6/14/07,0.00101697
1684,6/15/07,0.005904950999999999
1685,6/18/07,-0.001129275
1686,6/19/07,0.006520646999999999
1687,6/20/07,-0.009332626
1688,6/21/07,-0.002155023
1689,6/22/07,0.002093134
1690,6/25/07,0.00010052
1691,6/26/07,-0.0047407479999999995
1692,6/27/07,0.003809988
1693,6/28/07,0.0014195260000000002
1694,6/29/07,0.004953024
1695,7/2/07,0.007924701999999999
1696,7/3/07,-0.0030336359999999997
1698,7/5/07,-0.006438506
1699,7/6/07,0.001166399
1700,7/9/07,0.00288104
1701,7/10/07,0.0070688109999999995
1702,7/11/07,-0.004220947
1703,7/12/07,0.003345924
1704,7/13/07,0.0022279129999999998
1705,7/16/07,0.003275565
1706,7/17/07,-0.00181869
1707,7/18/07,0.00470372
1708,7/19/07,0.0017228579999999999
1709,7/20/07,0.004412731
1710,7/23/07,-0.001012785
1711,7/24/07,-0.002335517
1712,7/25/07,1.38651e-05
1713,7/26/07,-0.0049785820000000005
1714,7/27/07,-0.002734073
1715,7/30/07,0.002097508
1716,7/31/07,0.00136778
1717,8/1/07,0.000463172
1718,8/2/07,0.0031815859999999997
1719,8/3/07,-0.000557265
1720,8/6/07,-0.001467556
1721,8/7/07,0.001445945
1722,8/8/07,-0.002387787
1723,8/9/07,-0.009430451999999999
1724,8/10/07,0.001701547
1725,8/13/07,0.0006600639999999999
1726,8/14/07,-0.002147342
1727,8/15/07,-0.00484713
1728,8/16/07,0.0016908379999999998
1729,8/17/07,0.0028015220000000003
1730,8/20/07,0.0012550839999999998
1731,8/21/07,0.002353049
1732,8/22/07,0.0033249340000000003
1733,8/23/07,0.001405593
1734,8/24/07,0.008221606999999999
1735,8/27/07,0.000179664
1736,8/28/07,-0.005365614
1737,8/29/07,0.00489373
1738,8/30/07,0.002309256
1739,8/31/07,0.004692935
1741,9/4/07,0.006114353
1742,9/5/07,0.0027691559999999996
1743,9/6/07,0.00272023
1744,9/7/07,0.0061692990000000005
1745,9/10/07,0.0042109470000000005
1746,9/11/07,0.00506677
1747,9/12/07,-0.000753212
1748,9/13/07,-0.005389576
1749,9/14/07,0.0007631000000000001
1750,9/17/07,0.004734238
1751,9/18/07,0.004327095
1752,9/19/07,-0.0035164909999999996
1753,9/20/07,-0.006995244
1754,9/21/07,0.00444695
1755,9/24/07,0.000616307
1756,9/25/07,-0.002679587
1757,9/26/07,0.001318836
1758,9/27/07,0.008306925
1759,9/28/07,0.00235447
1760,10/1/07,0.006254868
1761,10/2/07,-0.003882311
1762,10/3/07,-0.0030065720000000003
1763,10/4/07,0.005843636
1764,10/5/07,-0.00175837
1765,10/8/07,-0.004210941
1766,10/9/07,0.002764392
1767,10/10/07,0.00127998
1768,10/11/07,0.00030779900000000004
1769,10/12/07,0.000536509
1770,10/15/07,0.0008296289999999999
1771,10/16/07,-0.001364687
1772,10/17/07,0.004078798
1773,10/18/07,0.007887304
1774,10/19/07,0.00133954
1775,10/22/07,-0.0017904729999999999
1776,10/23/07,0.0020574960000000002
1777,10/24/07,0.004726345
1778,10/25/07,0.000731285
1779,10/26/07,0.006483839
1780,10/29/07,0.004966776
1781,10/30/07,-0.005076326
1782,10/31/07,0.002899648
1783,11/1/07,-0.001123106
1784,11/2/07,0.007577289
1785,11/5/07,-0.002544277
1786,11/6/07,0.0060562359999999996
1787,11/7/07,-0.0035463029999999998
1788,11/8/07,-0.00139664
1789,11/9/07,0.0014735220000000001
1790,11/12/07,-0.01122768
1791,11/13/07,0.005309055
1792,11/14/07,0.003948804
1793,11/15/07,-0.004290082
1794,11/16/07,0.001327061
1795,11/19/07,-0.00095033
1796,11/20/07,0.007257741999999999
1797,11/21/07,-0.000952127
1799,11/23/07,0.00995629
1800,11/26/07,0.005533883000000001
1801,11/27/07,-0.005639686999999999
1802,11/28/07,0.0011555810000000001
1803,11/29/07,0.00172798
1804,11/30/07,-0.0040907420000000005
1805,12/3/07,0.0056681019999999995
1806,12/4/07,0.0015217820000000002
1807,12/5/07,-0.0053243380000000005
1808,12/6/07,0.001411055
1809,12/7/07,-0.0077121559999999995
1810,12/10/07,0.0020506129999999997
1811,12/11/07,0.002179341
1812,12/12/07,0.001536639
1813,12/13/07,-0.011064373
1814,12/14/07,-0.005822399999999999
1815,12/17/07,0.00013353
1816,12/18/07,0.0074680269999999995
1817,12/19/07,0.0073477230000000004
1818,12/20/07,-0.001224185
1819,12/21/07,-0.000194067
1820,12/24/07,0.00010823899999999999
1822,12/26/07,-0.00048420300000000005
1823,12/27/07,0.0033212740000000004
1824,12/28/07,0.01058846
1825,12/31/07,0.0009484
1827,1/2/08,0.012210246000000001
1828,1/3/08,0.001061443
1829,1/4/08,-0.007094985
1830,1/7/08,0.00052251
1831,1/8/08,0.000492175
1832,1/9/08,0.002237228
1833,1/10/08,-0.002264332
1834,1/11/08,0.003330282
1835,1/14/08,0.0068976969999999995
1836,1/15/08,-0.003422805
1837,1/16/08,-0.008499278
1838,1/17/08,-0.00040028199999999996
1839,1/18/08,-0.002876676
1841,1/22/08,0.004638203
1842,1/23/08,0.0028168140000000004
1843,1/24/08,-0.0029930829999999997
1844,1/25/08,0.00752828
1845,1/28/08,0.0059459890000000005
1846,1/29/08,-0.003443416
1847,1/30/08,-0.00407205
1848,1/31/08,0.007165960999999999
1849,2/1/08,0.001424961
1850,2/4/08,-0.007539766999999999
1851,2/5/08,-0.005719745
1852,2/6/08,-0.0008180710000000001
1853,2/7/08,-0.006748316
1854,2/8/08,0.009000793
1855,2/11/08,0.004570514
1856,2/12/08,-0.006494847
1857,2/13/08,-0.002378005
1858,2/14/08,-0.008856008
1859,2/15/08,0.002648777
1861,2/19/08,0.00247645
1862,2/20/08,0.008455586
1863,2/21/08,0.0028506
1864,2/22/08,-0.0009021989999999999
1865,2/25/08,-0.002471918
1866,2/26/08,0.004859398
1867,2/27/08,0.002200158
1868,2/28/08,0.010205681999999999
1869,2/29/08,0.002644139
1870,3/3/08,0.00083003
1871,3/4/08,-0.010086837
1872,3/5/08,0.001275392
1873,3/6/08,-0.003648031
1874,3/7/08,-0.003094517
1875,3/10/08,0.005153596
1876,3/11/08,0.00443033
1877,3/12/08,0.010798936
1878,3/13/08,-5.61792e-05
1879,3/14/08,0.003146892
1880,3/17/08,1.2305999999999999e-05
1881,3/18/08,0.0033183229999999998
1882,3/19/08,-0.00650795
1883,3/20/08,-0.002888322
1885,3/24/08,-0.003992399000000001
1886,3/25/08,0.008694146
1887,3/26/08,-0.000811247
1888,3/27/08,-0.004569006
1889,3/28/08,-0.001439091
1890,3/31/08,-0.001480553
1891,4/1/08,-0.008914799000000001
1892,4/2/08,0.008334356999999999
1893,4/3/08,0.00208893
1894,4/4/08,0.007099676
1895,4/7/08,-8.62867e-05
1896,4/8/08,-0.0037205740000000004
1897,4/9/08,0.008608294
1898,4/10/08,-0.002002425
1899,4/11/08,-0.002136026
1900,4/14/08,-0.003835007
1901,4/15/08,-0.0036549729999999997
1902,4/16/08,0.004167592
1903,4/17/08,-0.00235922
1904,4/18/08,-0.0013812820000000002
1905,4/21/08,0.0009522189999999999
1906,4/22/08,0.000392915
1907,4/23/08,-0.003857077
1908,4/24/08,-0.008536710999999999
1909,4/25/08,-0.000193303
1910,4/28/08,0.002574368
1911,4/29/08,-0.00442882
1912,4/30/08,0.004655955
1913,5/1/08,-0.003315592
1914,5/2/08,-0.003197208
1915,5/5/08,0.00391443
1916,5/6/08,-0.000359744
1917,5/7/08,-0.002493102
1918,5/8/08,0.008433364
1919,5/9/08,0.0031501790000000003
1920,5/12/08,-0.000481996
1921,5/13/08,-0.008708054
1922,5/14/08,-0.00047032300000000003
1923,5/15/08,0.01184616
1924,5/16/08,0.003661026
1925,5/19/08,0.001740322
1926,5/20/08,0.004995427
1927,5/21/08,0.00038653900000000003
1928,5/22/08,-0.008392135
1929,5/23/08,-0.00021784700000000002
1931,5/27/08,-0.006513109
1932,5/28/08,-0.003479755
1933,5/29/08,-0.010092943
1934,5/30/08,0.0063777059999999995
1935,6/2/08,0.0021937529999999997
1936,6/3/08,-0.001120884
1937,6/4/08,-0.005722766999999999
1938,6/5/08,0.002950963
1939,6/6/08,0.007498695
1940,6/9/08,-0.00149281
1941,6/10/08,-0.010061363
1942,6/11/08,0.0009192730000000001
1943,6/12/08,-0.00776147
1944,6/13/08,0.002262292
1945,6/16/08,0.003046363
1946,6/17/08,0.00062943
1947,6/18/08,0.005906294
1948,6/19/08,-0.0035733040000000002
1949,6/20/08,0.001064063
1950,6/23/08,-0.0030883309999999997
1951,6/24/08,0.003287388
1952,6/25/08,0.001466895
1953,6/26/08,0.006112734
1954,6/27/08,0.007868601999999999
1955,6/30/08,-0.00154199
1956,7/1/08,0.003451853
1957,7/2/08,0.000452735
1958,7/3/08,-0.003647521
1960,7/7/08,-0.002239402
1961,7/8/08,0.004546949000000001
1962,7/9/08,-0.0008339280000000001
1963,7/10/08,0.0071693569999999995
1964,7/11/08,-0.005325496999999999
1965,7/14/08,0.004020775999999999
1966,7/15/08,-0.004388865
1967,7/16/08,-0.008841209000000001
1968,7/17/08,-0.002280073
1969,7/18/08,-0.0018824179999999999
1970,7/21/08,0.0052880819999999995
1971,7/22/08,-0.005131765999999999
1972,7/23/08,-0.006430718
1973,7/24/08,0.001654294
1974,7/25/08,-0.0046352220000000005
1975,7/28/08,0.00276837
1976,7/29/08,-0.000533009
1977,7/30/08,0.002409945
1978,7/31/08,0.0034498690000000004
1979,8/1/08,-0.001539091
1980,8/4/08,-0.008070537
1981,8/5/08,-0.003173209
1982,8/6/08,-0.001295608
1983,8/7/08,0.004621119
1984,8/8/08,0.000764287
1985,8/11/08,-0.010360526
1986,8/12/08,0.00058443
1987,8/13/08,0.0021109839999999998
1988,8/14/08,-0.001103394
1989,8/15/08,0.000948851
1990,8/18/08,0.002086331
1991,8/19/08,0.000501858
1992,8/20/08,0.001873992
1993,8/21/08,0.007509255
1994,8/22/08,-0.002109319
1995,8/25/08,-2.44684e-05
1996,8/26/08,0.0019108970000000002
1997,8/27/08,0.003247448
1998,8/28/08,0.0043769759999999994
1999,8/29/08,-0.006559303000000001
2001,9/2/08,-0.003381351
2002,9/3/08,0.0007499469999999999
2003,9/4/08,-0.004554712
2004,9/5/08,0.001860932
2005,9/8/08,0.0056259909999999995
2006,9/9/08,-0.010279412
2007,9/10/08,-0.007368873000000001
2008,9/11/08,-0.00060905
2009,9/12/08,0.002166082
2010,9/15/08,0.009791193
2011,9/16/08,-0.000378074
2012,9/17/08,0.016068162
2013,9/18/08,-0.0061886730000000004
2014,9/19/08,0.0030764509999999996
2015,9/22/08,0.001493003
2016,9/23/08,-0.008189524
2017,9/24/08,-0.001833889
2018,9/25/08,0.0033398409999999996
2019,9/26/08,0.003369933
2020,9/29/08,0.003631958
2021,9/30/08,-0.014944116
2022,10/1/08,0.007015318
2023,10/2/08,-0.016989545
2024,10/3/08,0.000506196
2025,10/6/08,0.0033001690000000004
2026,10/7/08,-0.007554292
2027,10/8/08,-0.006266473000000001
2028,10/9/08,-0.020051924
2029,10/10/08,-0.026867798
2030,10/13/08,0.021956452999999997
2031,10/14/08,-0.005918171999999999
2032,10/15/08,-0.015672414
2033,10/16/08,-0.002905651
2034,10/17/08,-0.010008806
2035,10/20/08,0.019899015
2036,10/21/08,-0.011970703999999999
2037,10/22/08,-0.01515288
2038,10/23/08,0.004108221
2039,10/24/08,-0.014400623999999999
2040,10/27/08,-0.007263800000000001
2041,10/28/08,0.020247299
2042,10/29/08,-0.0007820339999999999
2043,10/30/08,-0.003155765
2044,10/31/08,-0.004930311
2045,11/3/08,-0.000598692
2046,11/4/08,0.032304966000000004
2047,11/5/08,-0.012898381
2048,11/6/08,-0.018765891
2049,11/7/08,0.003024373
2050,11/10/08,0.003375643
2051,11/11/08,-0.008546096999999999
2052,11/12/08,-0.015022068999999999
2053,11/13/08,0.008784263
2054,11/14/08,0.003786623
2055,11/17/08,-0.006471419
2056,11/18/08,0.0075907330000000005
2057,11/19/08,-0.001093525
2058,11/20/08,0.012767762
2059,11/21/08,0.019825341
2060,11/24/08,0.013900193
2061,11/25/08,0.016554084
2062,11/26/08,0.009607606999999999
2064,11/28/08,0.006440092
2065,12/1/08,-0.012254778999999999
2066,12/2/08,0.013998877
2067,12/3/08,0.004566013
2068,12/4/08,-0.00095212
2069,12/5/08,-0.004738333
2070,12/8/08,0.014304458999999999
2071,12/9/08,0.005473491
2072,12/10/08,0.011553347
2073,12/11/08,-0.00108374
2074,12/12/08,0.0038781040000000003
2075,12/15/08,0.004925184
2076,12/16/08,0.029804677
2077,12/17/08,0.014140136999999999
2078,12/18/08,0.002916227
2079,12/19/08,-0.00285125
2080,12/22/08,-0.006954792
2081,12/23/08,-0.004692288
2082,12/24/08,0.000717035
2084,12/26/08,0.009879264
2085,12/29/08,1.3131400000000001e-05
2086,12/30/08,0.010196284
2087,12/31/08,-0.004116658
2089,1/2/09,-0.005520368
2090,1/5/09,-0.016940143
2091,1/6/09,-0.00048151199999999997
2092,1/7/09,-0.01245811
2093,1/8/09,0.004700869
2094,1/9/09,-0.006497535
2095,1/12/09,-0.009201169
2096,1/13/09,0.002144115
2097,1/14/09,-0.001826364
2098,1/15/09,0.003027169
2099,1/16/09,-0.000801965
2101,1/20/09,-0.009236539
2102,1/21/09,-0.008342216999999999
2103,1/22/09,-0.013801902
2104,1/23/09,0.008858895
2105,1/26/09,-0.002383513
2106,1/27/09,0.01221682
2107,1/28/09,-0.006284928
2108,1/29/09,-0.015632953999999998
2109,1/30/09,-0.002901264
2110,2/2/09,0.0031913009999999997
2111,2/3/09,-0.011001923
2112,2/4/09,-0.001155629
2113,2/5/09,0.007310083
2114,2/6/09,0.004000253
2115,2/9/09,-0.001257339
2116,2/10/09,0.004753885
2117,2/11/09,0.012225508999999999
2118,2/12/09,-0.002505714
2119,2/13/09,-0.018672868000000002
2121,2/17/09,0.009621776
2122,2/18/09,-0.002693352
2123,2/19/09,-0.012118541000000002
2124,2/20/09,0.005906491
2125,2/23/09,-0.0033117409999999996
2126,2/24/09,0.00274522
2127,2/25/09,-0.010298291999999999
2128,2/26/09,-0.008524119
2129,2/27/09,-0.008806231999999999
2130,3/2/09,-0.0079468
2131,3/3/09,-0.006884181999999999
2132,3/4/09,0.002262651
2133,3/5/09,0.011728147
2134,3/6/09,-0.0015394920000000002
2135,3/9/09,-0.00963006
2136,3/10/09,-0.001394844
2137,3/11/09,0.006969935
2138,3/12/09,0.018378541
2139,3/13/09,-0.000431416
2140,3/16/09,-0.009301344
2141,3/17/09,0.0037691820000000003
2142,3/18/09,0.031969051
2143,3/19/09,0.0022598460000000003
2144,3/20/09,-0.008308021
2145,3/23/09,0.008887362
2146,3/24/09,-0.002661297
2147,3/25/09,-0.0035984259999999996
2148,3/26/09,0.012583785
2149,3/27/09,-0.003883415
2150,3/30/09,-0.009375388
2151,3/31/09,0.006654644
2152,4/1/09,0.010656546999999999
2153,4/2/09,-0.002222104
2154,4/3/09,-0.009756182
2155,4/6/09,-0.010182311
2156,4/7/09,-0.002041886
2157,4/8/09,0.007936983
2158,4/9/09,0.002487439
2160,4/13/09,0.008890555999999999
2161,4/14/09,-0.003519788
2162,4/15/09,0.001334574
2163,4/16/09,-0.004355144
2164,4/17/09,-0.006099741
2165,4/20/09,0.00029035599999999997
2166,4/21/09,-0.000777722
2167,4/22/09,-0.002980938
2168,4/23/09,0.0053904619999999995
2169,4/24/09,0.001420351
2170,4/27/09,-0.003008498
2171,4/28/09,-0.012185904
2172,4/29/09,0.003177145
2173,4/30/09,-0.00421832
2174,5/1/09,-0.001290675
2175,5/4/09,0.014124818
2176,5/5/09,-0.003117129
2177,5/6/09,0.0065511269999999995
2178,5/7/09,-0.016463582
2179,5/8/09,0.008907331
2180,5/11/09,0.002647681
2181,5/12/09,0.004099543
2182,5/13/09,-0.000379131
2183,5/14/09,0.0045587629999999995
2184,5/15/09,-0.002904445
2185,5/18/09,-0.002347957
2186,5/19/09,-0.001490625
2187,5/20/09,0.007983785
2188,5/21/09,-0.01449452
2189,5/22/09,-0.004252262
2191,5/26/09,-0.0027267059999999997
2192,5/27/09,-0.0134332
2193,5/28/09,0.013112229
2194,5/29/09,0.022216943
2195,6/1/09,-0.009483185
2196,6/2/09,0.005233169
2197,6/3/09,-0.0035471120000000003
2198,6/4/09,-0.0028912359999999997
2199,6/5/09,-0.009756195
2200,6/8/09,-0.0024141379999999997
2201,6/9/09,0.002230066
2202,6/10/09,-0.009058802
2203,6/11/09,0.00741398
2204,6/12/09,0.000993502
2205,6/15/09,-0.003701228
2206,6/16/09,0.0076612930000000004
2207,6/17/09,-0.002222446
2208,6/18/09,-0.008270567
2209,6/19/09,0.008163736
2210,6/22/09,-0.0060393140000000005
2211,6/23/09,0.008081126999999999
2212,6/24/09,-0.002504938
2213,6/25/09,0.017142328000000002
2214,6/26/09,-6.71068e-05
2215,6/29/09,0.002946462
2216,6/30/09,-0.0052028379999999996
2217,7/1/09,0.002515082
2218,7/2/09,-0.008203680999999999
2220,7/6/09,-0.004654717
2221,7/7/09,-0.002043265
2222,7/8/09,0.00573239
2223,7/9/09,-0.00498134
2224,7/10/09,0.004033845
2225,7/13/09,0.003721735
2226,7/14/09,-0.00594156
2227,7/15/09,-0.002476761
2228,7/16/09,0.007488344
2229,7/17/09,-0.007293651999999999
2230,7/20/09,0.009034701
2231,7/21/09,0.011017674
2232,7/22/09,-0.00366266
2233,7/23/09,-0.0036243259999999998
2234,7/24/09,0.003635967
2235,7/27/09,-0.004301247
2236,7/28/09,0.00025430900000000003
2237,7/29/09,-0.00158585
2238,7/30/09,0.012618815
2239,7/31/09,0.015451507
2240,8/3/09,-0.0015737939999999999
2241,8/4/09,-0.00172502
2242,8/5/09,-0.007607725
2243,8/6/09,-0.0014489729999999999
2244,8/7/09,-0.003304905
2245,8/10/09,0.004414383
2246,8/11/09,0.002096475
2247,8/12/09,-0.002616139
2248,8/13/09,0.011840722
2249,8/14/09,-0.0031170670000000003
2250,8/17/09,-0.001612074
2251,8/18/09,0.0013455729999999999
2252,8/19/09,0.00766989
2253,8/20/09,0.00541409
2254,8/21/09,-0.003516299
2255,8/24/09,0.007352029
2256,8/25/09,0.003423467
2257,8/26/09,0.0021624979999999997
2258,8/27/09,-3.7489800000000003e-06
2259,8/28/09,0.00351368
2260,8/31/09,-0.00420097
2261,9/1/09,-0.006039030999999999
2262,9/2/09,0.011582028000000001
2263,9/3/09,0.000953163
2264,9/4/09,-0.006326366
2266,9/8/09,-0.000591275
2267,9/9/09,0.001146868
2268,9/10/09,0.013567875
2269,9/11/09,0.004404368
2270,9/14/09,-0.006006531999999999
2271,9/15/09,0.001584997
2272,9/16/09,0.007111968000000001
2273,9/17/09,0.005203866
2274,9/18/09,-0.006205421
2275,9/21/09,-0.0012962
2276,9/22/09,0.005916108000000001
2277,9/23/09,-0.00360452
2278,9/24/09,-0.004032065
2279,9/25/09,0.0037875459999999997
2280,9/28/09,0.009401823
2281,9/29/09,-0.00032896300000000004
2282,9/30/09,0.003145683
2283,10/1/09,-0.000796861
2284,10/2/09,-0.004645749
2285,10/5/09,0.008183378
2286,10/6/09,0.001972461
2287,10/7/09,0.006967953000000001
2288,10/8/09,-5.97592e-05
2289,10/9/09,-0.011870978
2290,10/12/09,0.0041838890000000005
2291,10/13/09,0.004112452
2292,10/14/09,-0.00361528
2293,10/15/09,-0.0034946079999999997
2294,10/16/09,0.003430382
2295,10/19/09,0.00874504
2296,10/20/09,-0.000327067
2297,10/21/09,-0.003449643
2298,10/22/09,0.000578011
2299,10/23/09,-0.007814169000000001
2300,10/26/09,-0.01344682
2301,10/27/09,0.005618661
2302,10/28/09,-0.0059127730000000005
2303,10/29/09,0.004224505
2304,10/30/09,-6.57112e-05
2305,11/2/09,0.002554295
2306,11/3/09,0.001146829
2307,11/4/09,-0.003375235
2308,11/5/09,0.003674747
2309,11/6/09,0.000816642
2310,11/9/09,0.007887843
2311,11/10/09,-0.000831424
2312,11/11/09,0.005853073
2313,11/12/09,-0.006724053000000001
2314,11/13/09,0.00635751
2315,11/16/09,0.014528822
2316,11/17/09,0.003953009
2317,11/18/09,-0.002740007
2318,11/19/09,-0.002961212
2319,11/20/09,0.00022
2320,11/23/09,0.0044726259999999995
2321,11/24/09,0.003547484
2322,11/25/09,0.007882363
2324,11/27/09,-0.004932083
2325,11/30/09,0.003446385
2326,12/1/09,0.000105434
2327,12/2/09,0.003578632
2328,12/3/09,-0.008282579
2329,12/4/09,-0.012402608
2330,12/7/09,-0.001202986
2331,12/8/09,-0.005714231
2332,12/9/09,-0.00265677
2333,12/10/09,-0.0053389530000000004
2334,12/11/09,-0.0012179530000000001
2335,12/14/09,0.004211731
2336,12/15/09,-0.0036217190000000002
2337,12/16/09,0.0033302640000000003
2338,12/17/09,-0.001889181
2339,12/18/09,0.002171021
2340,12/21/09,-0.011331273000000001
2341,12/22/09,-0.002792293
2342,12/23/09,0.00259657
2343,12/24/09,-0.00079576
2345,12/28/09,0.000186422
2346,12/29/09,0.001098912
2347,12/30/09,0.002380115
2348,12/31/09,-0.004182221
2350,1/4/10,0.009116626
2351,1/5/10,0.00416557
2352,1/6/10,-0.002585492
2353,1/7/10,-0.00011421100000000001
2354,1/8/10,0.00138097
2355,1/11/10,-0.00026947099999999997
2356,1/12/10,0.00154684
2357,1/13/10,-0.002241998
2358,1/14/10,0.008320122
2359,1/15/10,-0.00188353
2361,1/19/10,0.002919927
2362,1/20/10,-0.0021910379999999998
2363,1/21/10,-0.005099763
2364,1/22/10,-0.006758651
2365,1/25/10,-0.000636438
2366,1/26/10,-0.00133347
2367,1/27/10,-0.0019094560000000001
2368,1/28/10,-0.003195225
2369,1/29/10,0.00042621
2370,2/1/10,0.00428797
2371,2/2/10,0.007000716
2372,2/3/10,-0.00872953
2373,2/4/10,-0.00801864
2374,2/5/10,0.001319175
2375,2/8/10,-0.002155137
2376,2/9/10,0.001195959
2377,2/10/10,-0.005667139
2378,2/11/10,0.0038200720000000003
2379,2/12/10,0.00168672
2381,2/16/10,0.011098537
2382,2/17/10,-0.005761594
2383,2/18/10,0.000924705
2384,2/19/10,0.0031123490000000004
2385,2/22/10,-0.0035625170000000003
2386,2/23/10,0.002581088
2387,2/24/10,0.002815132
2388,2/25/10,0.003567388
2389,2/26/10,0.005755528
2390,3/1/10,0.001779954
2391,3/2/10,0.003401649
2392,3/3/10,0.000561163
2393,3/4/10,0.001483856
2394,3/5/10,-0.00278347
2395,3/8/10,-0.00439147
2396,3/9/10,-0.00035763699999999995
2397,3/10/10,-0.002175178
2398,3/11/10,0.0028534059999999997
2399,3/12/10,0.001808514
2400,3/15/10,-0.0007703260000000001
2401,3/16/10,0.01039482
2402,3/17/10,0.0028194929999999997
2403,3/18/10,-0.000822169
2404,3/19/10,-0.005196483
2405,3/22/10,0.001210245
2406,3/23/10,-0.000197097
2407,3/24/10,-0.015169153999999999
2408,3/25/10,-0.003248941
2409,3/26/10,0.004782058
2410,3/29/10,0.00090894
2411,3/30/10,0.00055
2412,3/31/10,0.004648109
2413,4/1/10,0.0037497620000000002
2415,4/5/10,-0.004656053
2416,4/6/10,0.001656068
2417,4/7/10,0.007893598
2418,4/8/10,0.00091968
2419,4/9/10,0.004536222
2420,4/12/10,0.002201598
2421,4/13/10,0.001618955
2422,4/14/10,0.000239103
2423,4/15/10,0.002140486
2424,4/16/10,-0.004700746
2425,4/19/10,-0.0016418189999999999
2426,4/20/10,0.004982385
2427,4/21/10,0.005929048
2428,4/22/10,-0.00115556
2429,4/23/10,0.002302007
2430,4/26/10,-0.0012194369999999999
2431,4/27/10,0.004416664
2432,4/28/10,-0.0034007259999999997
2433,4/29/10,0.005522656999999999
2434,4/30/10,0.004611357
2435,5/3/10,0.0031740270000000003
2436,5/4/10,0.0011656639999999998
2437,5/5/10,0.00034084699999999997
2438,5/6/10,0.013397161000000001
2439,5/7/10,-0.011448123000000001
2440,5/10/10,-0.000842494
2441,5/11/10,0.003345554
2442,5/12/10,0.0011586230000000001
2443,5/13/10,-0.000973388
2444,5/14/10,0.003416266
2445,5/17/10,-0.005099112
2446,5/18/10,0.005126299
2447,5/19/10,-0.004895932
2448,5/20/10,9.28047e-05
2449,5/21/10,0.003348201
2450,5/24/10,-0.001979548
2451,5/25/10,0.0029638679999999997
2452,5/26/10,1.98667e-05
2453,5/27/10,-0.002204442
2454,5/28/10,-0.000149718
2456,6/1/10,-0.000298545
2457,6/2/10,0.001210613
2458,6/3/10,-0.0052531819999999995
2459,6/4/10,0.006641519
2460,6/7/10,0.004262697
2461,6/8/10,-0.001040929
2462,6/9/10,-0.002019935
2463,6/10/10,-0.004209809
2464,6/11/10,0.009809276
2465,6/14/10,-0.003166285
2466,6/15/10,0.005979209
2467,6/16/10,0.001887481
2468,6/17/10,0.0072042059999999995
2469,6/18/10,0.000629569
2470,6/21/10,-0.0063785790000000005
2471,6/22/10,0.00407536
2472,6/23/10,0.000960847
2473,6/24/10,-0.00594682
2474,6/25/10,0.006654501
2475,6/28/10,0.001027616
2476,6/29/10,-0.002531933
2477,6/30/10,0.002030389
2478,7/1/10,-0.008289922
2479,7/2/10,-0.003035501
2481,7/6/10,0.002035276
2482,7/7/10,0.0042969720000000005
2483,7/8/10,-0.0015030420000000002
2484,7/9/10,0.000642552
2485,7/12/10,-0.002453335
2486,7/13/10,0.001681696
2487,7/14/10,0.005091668
2488,7/15/10,0.005939304
2489,7/16/10,-0.007054419
2490,7/19/10,-0.0035877440000000003
2491,7/20/10,0.005337253
2492,7/21/10,0.0047631390000000004
2493,7/22/10,0.001609277
2494,7/23/10,-0.004809966
2495,7/26/10,0.0008088419999999999
2496,7/27/10,-0.009326527
2497,7/28/10,0.0008674860000000001
2498,7/29/10,0.000423539
2499,7/30/10,0.011276102
2500,8/2/10,-0.001472155
2501,8/3/10,0.0028180759999999997
2502,8/4/10,-0.000614913
2503,8/5/10,0.002158974
2504,8/6/10,0.005837551999999999
2505,8/9/10,-0.0013099119999999999
2506,8/10/10,-0.000367488
2507,8/11/10,-0.001371517
2508,8/12/10,-0.0006724760000000001
2509,8/13/10,0.0056716430000000005
2510,8/16/10,0.014460958000000001
2511,8/17/10,0.0009811210000000002
2512,8/18/10,0.002444103
2513,8/19/10,0.0040622240000000006
2514,8/20/10,-0.002399628
2515,8/23/10,-0.0017729339999999999
2516,8/24/10,0.005580539
2517,8/25/10,0.0008574539999999999
2518,8/26/10,0.0036923579999999998
2519,8/27/10,-0.010113938000000001
2520,8/30/10,0.006702820999999999
2521,8/31/10,0.006953659
2522,9/1/10,-0.003932377
2523,9/2/10,-0.001926322
2524,9/3/10,-0.004001493
2526,9/7/10,0.010095817
2527,9/8/10,-0.002924488
2528,9/9/10,-0.011484274
2529,9/10/10,-0.000595156
2530,9/13/10,0.005652027
2531,9/14/10,0.008993852
2532,9/15/10,-0.007359172
2533,9/16/10,-0.004560481
2534,9/17/10,0.002329561
2535,9/20/10,0.007695596999999999
2536,9/21/10,0.007931276999999999
2537,9/22/10,0.0042334370000000005
2538,9/23/10,-0.000171588
2539,9/24/10,-0.000943478
2540,9/27/10,0.007919524
2541,9/28/10,0.006564099
2542,9/29/10,-0.001640236
2543,9/30/10,-0.000549234
2544,10/1/10,2.84666e-05
2545,10/4/10,-0.0014452220000000001
2546,10/5/10,0.006360285
2547,10/6/10,0.007651226999999999
2548,10/7/10,-0.00740129
2549,10/8/10,0.003035582
2550,10/11/10,0.0010567489999999998
2551,10/12/10,-0.00464885
2552,10/13/10,0.0042296109999999994
2553,10/14/10,-0.007635043
2554,10/15/10,-0.008466366
2555,10/18/10,0.006940877
2556,10/19/10,-0.007660803000000001
2557,10/20/10,0.0065483519999999995
2558,10/21/10,-0.00934774
2559,10/22/10,0.005125948
2560,10/25/10,0.004195738
2561,10/26/10,-0.007865714000000001
2562,10/27/10,-0.007258695999999999
2563,10/28/10,0.004276022
2564,10/29/10,0.007099738
2565,11/1/10,-0.0028673609999999997
2566,11/2/10,0.010070414
2567,11/3/10,-0.010951279
2568,11/4/10,0.016286396
2569,11/5/10,-0.007368274
2570,11/8/10,0.004209878
2571,11/9/10,-0.016828445
2572,11/10/10,0.004619125
2573,11/11/10,-0.00078713
2574,11/12/10,-0.013626401000000002
2575,11/15/10,-0.013094496
2576,11/16/10,0.005804131
2577,11/17/10,-0.003879075
2578,11/18/10,0.009359677
2579,11/19/10,0.003445628
2580,11/22/10,0.00431961
2581,11/23/10,0.0006693080000000001
2582,11/24/10,-0.00513
2584,11/26/10,0.004641699
2585,11/29/10,0.004899545999999999
2586,11/30/10,0.003548858
2587,12/1/10,-0.005344225
2588,12/2/10,0.00170024
2589,12/3/10,0.0013346120000000002
2590,12/6/10,0.008777873
2591,12/7/10,-0.01507754
2592,12/8/10,-0.006418199
2593,12/9/10,0.004068348
2594,12/10/10,-0.0018448129999999998
2595,12/13/10,0.0035524690000000004
2596,12/14/10,-0.00761756
2597,12/15/10,-0.010085088
2598,12/16/10,0.003518249
2599,12/17/10,0.011086651000000001
2600,12/20/10,0.001844086
2601,12/21/10,0.005703294
2602,12/22/10,-0.0030160240000000004
2603,12/23/10,-0.001712994
2605,12/27/10,0.005266728
2606,12/28/10,-0.006437849
2607,12/29/10,0.010006562
2608,12/30/10,-0.002330529
2609,12/31/10,0.0092376
2610,1/3/11,-0.002452771
2611,1/4/11,-0.005088828
2612,1/5/11,-0.010363225
2613,1/6/11,0.000248472
2614,1/7/11,0.001749323
2615,1/10/11,0.004513424
2616,1/11/11,-0.00029900900000000004
2617,1/12/11,-0.000997769
2618,1/13/11,0.0023492120000000003
2619,1/14/11,-0.003604893
2621,1/18/11,-0.000925875
2622,1/19/11,0.0015457210000000001
2623,1/20/11,-0.012157546000000002
2624,1/21/11,0.004930411
2625,1/24/11,-2.2309899999999998e-05
2626,1/25/11,0.004032033
2627,1/26/11,-0.003884336
2628,1/27/11,-0.002148156
2629,1/28/11,0.0030908240000000003
2630,1/31/11,-0.002257182
2631,2/1/11,0.002797555
2632,2/2/11,-6.7981e-05
2633,2/3/11,-0.0017471210000000001
2634,2/4/11,-0.0058647
2635,2/7/11,0.004070875
2636,2/8/11,-0.00126396
2637,2/9/11,0.004226965
2638,2/10/11,-0.006527393
2639,2/11/11,0.008115146
2640,2/14/11,0.002129259
2641,2/15/11,0.00235262
2642,2/16/11,0.000359281
2643,2/17/11,0.003143537
2644,2/18/11,-0.000783143
2646,2/22/11,0.004373379
2647,2/23/11,0.003123929
2648,2/24/11,0.00145
2649,2/25/11,0.00846618
2650,2/28/11,0.002368692
2651,3/1/11,0.002001868
2652,3/2/11,-0.007602354
2653,3/3/11,-0.003693542
2654,3/4/11,0.0049762470000000005
2655,3/7/11,-0.00514903
2656,3/8/11,-0.00225704
2657,3/9/11,0.005128166
2658,3/10/11,0.00146994
2659,3/11/11,-0.001239939
2660,3/14/11,-0.000526
2661,3/15/11,-0.00012919399999999998
2662,3/16/11,0.0024958420000000003
2663,3/17/11,0.0013485670000000002
2664,3/18/11,0.004742519000000001
2665,3/21/11,0.001673026
2666,3/22/11,0.00136857
2667,3/23/11,0.001724674
2668,3/24/11,-0.003208812
2669,3/25/11,-0.000315
2670,3/28/11,-0.001564853
2671,3/29/11,-0.00256368
2672,3/30/11,0.00642202
2673,3/31/11,0.001478457
2674,4/1/11,0.003149495
2675,4/4/11,0.002186514
2676,4/5/11,0.001063315
2677,4/6/11,-0.006768738000000001
2678,4/7/11,-0.001399261
2679,4/8/11,-0.00078123
2680,4/11/11,-0.002785367
2681,4/12/11,0.001256521
2682,4/13/11,0.004310047
2683,4/14/11,0.0024365
2684,4/15/11,0.010202257
2685,4/18/11,-0.000649075
2686,4/19/11,0.0035713309999999996
2687,4/20/11,0.0014856329999999999
2688,4/21/11,0.0013766610000000002
2690,4/25/11,0.001779061
2691,4/26/11,0.00641713
2692,4/27/11,4.83717e-05
2693,4/28/11,0.005063710999999999
2694,4/29/11,0.00606468
2695,5/2/11,-0.0025689429999999997
2696,5/3/11,0.000487658
2697,5/4/11,-0.002951599
2698,5/5/11,-0.0062239209999999994
2699,5/6/11,0.000859168
2700,5/9/11,0.005537938
2701,5/10/11,-0.0006234190000000001
2702,5/11/11,-0.0028869509999999996
2703,5/12/11,-0.0021844570000000003
2704,5/13/11,0.001628914
2705,5/16/11,0.000307718
2706,5/17/11,0.004563996
2707,5/18/11,-0.002573761
2708,5/19/11,-8.98056e-05
2709,5/20/11,0.001593268
2710,5/23/11,-0.0007652389999999999
2711,5/24/11,0.0035535059999999997
2712,5/25/11,-0.000503735
2713,5/26/11,0.005620221999999999
2714,5/27/11,0.0030405909999999996
2716,5/31/11,0.0038560120000000002
2717,6/1/11,0.001751312
2718,6/2/11,-0.010512035
2719,6/3/11,0.001940383
2720,6/6/11,-0.00692288
2721,6/7/11,0.00282659
2722,6/8/11,0.00271134
2723,6/9/11,0.00070876
2724,6/10/11,-0.001351626
2725,6/13/11,-0.004974635
2726,6/14/11,-0.003391248
2727,6/15/11,0.004683135
2728,6/16/11,0.002339679
2729,6/17/11,-0.00082952
2730,6/20/11,0.00147654
2731,6/21/11,0.001971712
2732,6/22/11,-0.000323314
2733,6/23/11,-0.0009117330000000001
2734,6/24/11,-0.008113885
2735,6/27/11,-0.006103641999999999
2736,6/28/11,0.000513972
2737,6/29/11,0.00071888
2738,6/30/11,-0.001022629
2739,7/1/11,0.0009947019999999999
2741,7/5/11,0.005503571
2742,7/6/11,0.0047819590000000006
2743,7/7/11,0.0023727839999999997
2744,7/8/11,0.007271418000000001
2745,7/11/11,0.005112753
2746,7/12/11,0.0028463940000000004
2747,7/13/11,0.0048362579999999995
2748,7/14/11,-0.009270704
2749,7/15/11,0.003624632
2750,7/18/11,-0.005812281999999999
2751,7/19/11,0.01282329
2752,7/20/11,-0.0045300620000000005
2753,7/21/11,-0.003137253
2754,7/22/11,0.006457143
2755,7/25/11,-0.006021958000000001
2756,7/26/11,0.0036950040000000004
2757,7/27/11,-0.005900123
2758,7/28/11,0.00120561
2759,7/29/11,0.009956612
2760,8/1/11,0.003677691
2761,8/2/11,0.014673522
2762,8/3/11,0.001339352
2763,8/4/11,0.0045427340000000005
2764,8/5/11,-0.014652968
2765,8/8/11,0.005566061999999999
2766,8/9/11,0.014894208999999999
2767,8/10/11,0.013401241999999999
2768,8/11/11,-0.019533025
2769,8/12/11,0.011003536999999999
2770,8/15/11,0.002189504
2771,8/16/11,0.009025885
2772,8/17/11,0.010378035
2773,8/18/11,0.00319507
2774,8/19/11,0.003795254
2775,8/22/11,0.003705858
2776,8/23/11,-0.006261353000000001
2777,8/24/11,-0.018981613
2778,8/25/11,0.003115014
2779,8/26/11,0.015200386000000001
2780,8/29/11,-0.004081864
2781,8/30/11,0.015620667
2782,8/31/11,-0.00867538
2783,9/1/11,0.00848954
2784,9/2/11,0.016607815
2786,9/6/11,0.003572757
2787,9/7/11,-0.009052855
2788,9/8/11,0.006792355999999999
2789,9/9/11,-0.002185433
2790,9/12/11,-0.002267234
2791,9/13/11,-0.0035117729999999997
2792,9/14/11,0.005912255999999999
2793,9/15/11,-0.007028911999999999
2794,9/16/11,0.006418179
2795,9/19/11,0.0038389809999999996
2796,9/20/11,0.0040466040000000005
2797,9/21/11,0.007128142
2798,9/22/11,0.006063594
2799,9/23/11,-0.020037785
2800,9/26/11,-0.005749103
2801,9/27/11,-0.0006431809999999999
2802,9/28/11,-0.012027565
2803,9/29/11,0.007784124
2804,9/30/11,0.006249487
2805,10/3/11,0.010488751000000001
2806,10/4/11,-0.00523816
2807,10/5/11,0.00372214
2808,10/6/11,-0.003047378
2809,10/7/11,-0.007734586999999999
2810,10/10/11,0.0063130880000000006
2811,10/11/11,-0.002508973
2812,10/12/11,-0.004149321
2813,10/13/11,0.0040069070000000005
2814,10/14/11,-0.001044315
2815,10/17/11,0.002936416
2816,10/18/11,0.000567365
2817,10/19/11,-0.0065849030000000005
2818,10/20/11,-0.005361706
2819,10/21/11,0.0009550260000000001
2820,10/24/11,0.00731236
2821,10/25/11,0.014577149
2822,10/26/11,-0.005154558
2823,10/27/11,-0.0063353
2824,10/28/11,0.005597942
2825,10/31/11,0.011976052
2826,11/1/11,0.011220026999999999
2827,11/2/11,-0.000710154
2828,11/3/11,0.00074023
2829,11/4/11,-0.0013187779999999998
2830,11/7/11,0.009964646
2831,11/8/11,-0.0054134759999999995
2832,11/9/11,-0.000315112
2833,11/10/11,-0.007036016
2834,11/11/11,0.004832297
2835,11/14/11,0.004885658
2836,11/15/11,0.001219528
2837,11/16/11,-0.001018792
2838,11/17/11,-0.005625485
2839,11/18/11,5.3700000000000004e-05
2840,11/21/11,-0.006042414
2841,11/22/11,0.007377091999999999
2842,11/23/11,-0.001162213
2844,11/25/11,-0.01053677
2845,11/28/11,0.010858747
2846,11/29/11,-0.002599544
2847,11/30/11,0.005436524
2848,12/1/11,-0.0034346940000000003
2849,12/2/11,0.008061694
2850,12/5/11,-0.0017873320000000002
2851,12/6/11,-0.003654019
2852,12/7/11,0.0033358520000000003
2853,12/8/11,-0.0029607759999999996
2854,12/9/11,-0.006277019
2855,12/12/11,-0.003274495
2856,12/13/11,-0.0013198270000000002
2857,12/14/11,-0.001303004
2858,12/15/11,-0.002146335
2859,12/16/11,0.011023375
2860,12/19/11,0.0034355690000000003
2861,12/20/11,-0.002354438
2862,12/21/11,-0.00630703
2863,12/22/11,0.0032214170000000003
2864,12/23/11,-0.0035969590000000003
2866,12/27/11,0.001116503
2867,12/28/11,0.001648045
2868,12/29/11,0.002444547
2869,12/30/11,0.002718496
2871,1/3/12,0.0018592429999999998
2872,1/4/12,-0.004781835999999999
2873,1/5/12,0.000513
2874,1/6/12,0.003244286
2875,1/9/12,-0.00121
2876,1/10/12,0.004320412
2877,1/11/12,0.008358239
2878,1/12/12,-0.00021946799999999998
2879,1/13/12,0.002784767
2881,1/17/12,0.004851302
2882,1/18/12,-0.002436914
2883,1/19/12,-0.006129925
2884,1/20/12,-0.00537007
2885,1/23/12,-0.00130925
2886,1/24/12,-0.000306075
2887,1/25/12,0.006413856
2888,1/26/12,0.007038012
2889,1/27/12,0.003972804
2890,1/30/12,0.0036894059999999997
2891,1/31/12,0.007321205
2892,2/1/12,-0.0030564570000000003
2893,2/2/12,0.001983997
2894,2/3/12,-0.011191776
2895,2/6/12,0.004922688
2896,2/7/12,-0.003243976
2897,2/8/12,-0.00018487099999999997
2898,2/9/12,-0.0038419829999999998
2899,2/10/12,0.00359248
2900,2/13/12,0.0029300690000000004
2901,2/14/12,0.002026804
2902,2/15/12,-0.000555499
2903,2/16/12,-0.00146031
2904,2/17/12,-0.0006627439999999999
2906,2/21/12,-0.00085065
2907,2/22/12,0.008666734
2908,2/23/12,0.001495119
2909,2/24/12,0.003260989
2910,2/27/12,0.003808147
2911,2/28/12,0.0008393160000000001
2912,2/29/12,-0.01495754
2913,3/1/12,0.000322077
2914,3/2/12,0.002980004
2915,3/5/12,-0.006277678
2916,3/6/12,-0.001472475
2917,3/7/12,2.1174299999999998e-05
2918,3/8/12,-0.000620508
2919,3/9/12,0.003574633
2920,3/12/12,-0.001824602
2921,3/13/12,-0.008174183
2922,3/14/12,-0.017415454
2923,3/15/12,0.0039350290000000005
2924,3/16/12,0.002381682
2925,3/19/12,-0.005266006
2926,3/20/12,-0.001086274
2927,3/21/12,0.005701415
2928,3/22/12,-0.001288892
2929,3/23/12,0.008813366
2930,3/26/12,0.003985959
2931,3/27/12,0.001499805
2932,3/28/12,-0.004428802
2933,3/29/12,0.002479155
2934,3/30/12,-0.006718856
2935,4/2/12,0.006525341
2936,4/3/12,-0.013732722
2937,4/4/12,0.000717251
2938,4/5/12,0.005236745
2940,4/9/12,0.010817692
2941,4/10/12,0.003147913
2942,4/11/12,-0.00440254
2943,4/12/12,0.00382785
2944,4/13/12,0.003118795
2945,4/16/12,-0.002043454
2946,4/17/12,0.003059829
2947,4/18/12,-0.000914346
2948,4/19/12,-0.00060514
2949,4/20/12,0.000800187
2950,4/23/12,0.001286465
2951,4/24/12,-0.002735084
2952,4/25/12,0.001256945
2953,4/26/12,0.006591535999999999
2954,4/27/12,0.001576081
2955,4/30/12,-0.00016999999999999999
2956,5/1/12,-0.0019966
2957,5/2/12,0.0016043670000000002
2958,5/3/12,-0.004637941
2959,5/4/12,3.39842e-05
2960,5/7/12,-0.000350551
2961,5/8/12,-0.001886909
2962,5/9/12,-0.0032904809999999996
2963,5/10/12,-0.000600662
2964,5/11/12,0.0018519270000000002
2965,5/14/12,0.001364711
2966,5/15/12,-0.000921333
2967,5/16/12,7.31854e-05
2968,5/17/12,0.00968346
2969,5/18/12,0.000419074
2970,5/21/12,0.003886928
2971,5/22/12,-0.009850175
2972,5/23/12,0.0028281020000000003
2973,5/24/12,-0.00183663
2974,5/25/12,0.0032665190000000003
2976,5/29/12,-0.001288876
2977,5/30/12,0.009986617
2978,5/31/12,0.004699196
2979,6/1/12,0.013061827
2980,6/4/12,-0.004266166
2981,6/5/12,-0.00584588
2982,6/6/12,-0.004262553
2983,6/7/12,-0.00313471
2984,6/8/12,0.002270383
2985,6/11/12,-0.0009809489999999998
2986,6/12/12,-0.000816737
2987,6/13/12,0.003951743
2988,6/14/12,0.003080967
2989,6/15/12,0.005225868
2990,6/18/12,0.0036476940000000004
2991,6/19/12,-0.005014586
2992,6/20/12,-0.000209453
2993,6/21/12,-0.008247741
2994,6/22/12,-0.003918324
2995,6/25/12,0.006131342
2996,6/26/12,-0.002034611
2997,6/27/12,0.003560367
2998,6/28/12,-0.00201636
2999,6/29/12,0.00668047
3000,7/2/12,0.005829172
3001,7/3/12,0.002305611
3003,7/5/12,-0.00011806
3004,7/6/12,-0.00092789
3005,7/9/12,0.0056068409999999996
3006,7/10/12,-0.00399683
3007,7/11/12,0.002217597
3008,7/12/12,0.002525349
3009,7/13/12,0.004707974
3010,7/16/12,0.0027514109999999996
3011,7/17/12,-0.0035506970000000002
3012,7/18/12,0.001877201
3013,7/19/12,0.00015296100000000001
3014,7/20/12,0.004834625
3015,7/23/12,-0.001505056
3016,7/24/12,0.00244973
3017,7/25/12,0.0045063429999999995
3018,7/26/12,-5.21566e-05
3019,7/27/12,-0.004101812
3020,7/30/12,0.003960019
3021,7/31/12,-0.0020013870000000003
3022,8/1/12,-0.00507658
3023,8/2/12,-0.000246202
3024,8/3/12,-0.001322478
3025,8/6/12,0.002030989
3026,8/7/12,-0.005058199
3027,8/8/12,-0.0021301379999999997
3028,8/9/12,0.000915716
3029,8/10/12,0.00300992
3030,8/13/12,-0.0029781670000000003
3031,8/14/12,-0.008223956999999999
3032,8/15/12,-0.005830052
3033,8/16/12,-0.00146399
3034,8/17/12,0.0032882090000000003
3035,8/20/12,0.0019901339999999997
3036,8/21/12,0.004340918
3037,8/22/12,0.010834056000000002
3038,8/23/12,0.00187987
3039,8/24/12,0.000568127
3040,8/27/12,0.002080411
3041,8/28/12,0.001608035
3042,8/29/12,-0.0031709359999999996
3043,8/30/12,0.00108737
3044,8/31/12,0.013820094
3046,9/4/12,-0.000363
3047,9/5/12,-0.002985675
3048,9/6/12,-0.003784995
3049,9/7/12,0.0033699470000000003
3050,9/10/12,-0.001241222
3051,9/11/12,-0.002029319
3052,9/12/12,-0.005348385
3053,9/13/12,0.005461788
3054,9/14/12,-0.011738751
3055,9/17/12,0.002255266
3056,9/18/12,0.0033118109999999996
3057,9/19/12,0.0027998520000000002
3058,9/20/12,0.001060735
3059,9/21/12,0.0016136129999999999
3060,9/24/12,0.002019088
3061,9/25/12,0.002743615
3062,9/26/12,0.002745081
3063,9/27/12,0.001996335
3064,9/28/12,-0.000850443
3065,10/1/12,0.0028808759999999997
3066,10/2/12,-0.00091903
3067,10/3/12,0.000287728
3068,10/4/12,-0.002322446
3069,10/5/12,-0.008321783000000001
3070,10/8/12,0.00281
3071,10/9/12,-0.003899713
3072,10/10/12,0.002181997
3073,10/11/12,0.005224409
3074,10/12/12,-0.001857694
3075,10/15/12,-0.001594028
3076,10/16/12,-0.003806248
3077,10/17/12,-0.003718922
3078,10/18/12,-0.004548535
3079,10/19/12,0.000431064
3080,10/22/12,-0.0029801890000000003
3081,10/23/12,0.0016189370000000002
3082,10/24/12,-0.0066640580000000005
3083,10/25/12,-0.000605339
3084,10/26/12,0.007590289
3087,10/31/12,0.004220352
3088,11/1/12,-0.002327765
3089,11/2/12,-0.007664459
3090,11/5/12,0.0049339779999999995
3091,11/6/12,0.001311656
3092,11/7/12,0.003788969
3093,11/8/12,0.0068683830000000005
3094,11/9/12,0.001097325
3095,11/12/12,0.000306297
3096,11/13/12,0.00041881300000000003
3097,11/14/12,-0.002364732
3098,11/15/12,-0.003048522
3099,11/16/12,0.000766828
3100,11/19/12,0.004977665
3101,11/20/12,-0.00601712
3102,11/21/12,0.000708984
3104,11/23/12,0.004891123
3105,11/26/12,0.001956805
3106,11/27/12,3.14259e-05
3107,11/28/12,-0.001643168
3108,11/29/12,0.002486985
3109,11/30/12,-0.00274196
3110,12/3/12,-0.000235548
3111,12/4/12,0.000269722
3112,12/5/12,-0.000239709
3113,12/6/12,0.0017409429999999998
3114,12/7/12,-0.003563732
3115,12/10/12,0.003219633
3116,12/11/12,-0.002925625
3117,12/12/12,-0.005642367
3118,12/13/12,-0.003013524
3119,12/14/12,0.0031379940000000003
3120,12/17/12,-0.004870918
3121,12/18/12,-0.00540852
3122,12/19/12,0.00016390599999999999
3123,12/20/12,-0.001287413
3124,12/21/12,0.004518618
3125,12/24/12,-0.001555368
3127,12/26/12,0.0016560210000000001
3128,12/27/12,0.002046052
3129,12/28/12,-0.00026666900000000003
3130,12/31/12,-0.0031
3132,1/2/13,6.32923e-05
3133,1/3/13,-0.010292279
3134,1/4/13,0.00202521
3135,1/7/13,-0.00145
3136,1/8/13,0.004404055
3137,1/9/13,1.59673e-05
3138,1/10/13,0.002033474
3139,1/11/13,0.00341939
3140,1/14/13,-0.0007339060000000001
3141,1/15/13,0.003786291
3142,1/16/13,0.001099722
3143,1/17/13,-0.0027
3144,1/18/13,0.004784981
3146,1/22/13,0.0030130609999999996
3147,1/23/13,-0.001005593
3148,1/24/13,-0.0037229620000000002
3149,1/25/13,-0.007070595
3150,1/28/13,-0.002576742
3151,1/29/13,-0.001018185
3152,1/30/13,0.000313963
3153,1/31/13,0.001008774
3154,2/1/13,-0.004219537
3155,2/4/13,0.004913481
3156,2/5/13,-0.002444579
3157,2/6/13,0.005157065
3158,2/7/13,-0.002447795
3159,2/8/13,0.0032864979999999997
3160,2/11/13,-0.0029287809999999997
3161,2/12/13,-0.000617
3162,2/13/13,-0.004981717
3163,2/14/13,0.004165666
3164,2/15/13,-0.00515451
3166,2/19/13,-0.0018563070000000002
3167,2/20/13,-0.006756801
3168,2/21/13,0.002399306
3169,2/22/13,0.0029256729999999997
3170,2/25/13,0.007789728
3171,2/26/13,0.000542904
3172,2/27/13,-0.001240669
3173,2/28/13,-0.001405033
3174,3/1/13,0.002276806
3175,3/4/13,-0.002195528
3176,3/5/13,0.001341204
3177,3/6/13,-0.003749377
3178,3/7/13,-0.003825977
3179,3/8/13,-0.00425436
3180,3/11/13,0.001530927
3181,3/12/13,0.005069833
3182,3/13/13,-0.00110011
3183,3/14/13,9.144180000000001e-05
3184,3/15/13,0.002766701
3185,3/18/13,0.004184263
3186,3/19/13,0.0034033490000000004
3187,3/20/13,-0.004709484
3188,3/21/13,0.0041541
3189,3/22/13,0.0010283039999999999
3190,3/25/13,-0.001571191
3191,3/26/13,0.002198035
3192,3/27/13,0.005771910999999999
3193,3/28/13,-0.003601939
3195,4/1/13,0.003093903
3196,4/2/13,-0.004530436
3197,4/3/13,-0.0007667419999999999
3198,4/4/13,0.00666778
3199,4/5/13,0.013070924
3200,4/8/13,-0.0033363959999999997
3201,4/9/13,0.001179179
3202,4/10/13,-0.007787003000000001
3203,4/11/13,0.001983519
3204,4/12/13,-0.002552156
3205,4/15/13,-0.019226116
3206,4/16/13,0.0016908560000000001
3207,4/17/13,-0.00055001
3208,4/18/13,0.002594713
3209,4/19/13,0.002506758
3210,4/22/13,0.004918222
3211,4/23/13,-0.001248377
3212,4/24/13,0.004389698
3213,4/25/13,0.0038685509999999996
3214,4/26/13,0.003142131
3215,4/29/13,0.0021492029999999997
3216,4/30/13,0.001146632
3217,5/1/13,-8.450379999999999e-05
3218,5/2/13,0.0034709740000000004
3219,5/3/13,-0.009543173
3220,5/6/13,-0.00031868099999999997
3221,5/7/13,-0.003420907
3222,5/8/13,0.004950002
3223,5/9/13,-0.004319963
3224,5/10/13,-0.006630431
3225,5/13/13,-0.005874976999999999
3226,5/14/13,-0.004543861
3227,5/15/13,-1.9840699999999998e-05
3228,5/16/13,0.003779417
3229,5/17/13,-0.008439017
3230,5/20/13,0.005601081
3231,5/21/13,0.0010368760000000002
3232,5/22/13,-0.011658844
3233,5/23/13,0.006219621999999999
3234,5/24/13,-0.000985779
3236,5/28/13,-0.011841295
3237,5/29/13,0.005989321
3238,5/30/13,0.002251303
3239,5/31/13,-0.009311006
3240,6/3/13,0.008113081
3241,6/4/13,-0.0075130119999999995
3242,6/5/13,0.00434
3243,6/6/13,0.0033907959999999997
3244,6/7/13,-0.011130856000000001
3245,6/10/13,-0.0017384529999999998
3246,6/11/13,0.002571476
3247,6/12/13,-0.007945091999999999
3248,6/13/13,0.011381678999999999
3249,6/14/13,-0.001270543
3250,6/17/13,-0.0020463910000000003
3251,6/18/13,-0.000272175
3252,6/19/13,-0.010407938
3253,6/20/13,-0.026277671000000002
3254,6/21/13,-0.006571702
3255,6/24/13,-0.0025898089999999998
3256,6/25/13,-0.0031786740000000003
3257,6/26/13,-0.00266753
3258,6/27/13,0.003262381
3259,6/28/13,0.007371598
3260,7/1/13,0.006508293
3261,7/2/13,-0.002030384
3262,7/3/13,0.00036754
3264,7/5/13,-0.020029176
3265,7/8/13,0.00890194
3266,7/9/13,0.004239661
3267,7/10/13,-0.003336643
3268,7/11/13,0.014881708
3269,7/12/13,-0.000177194
3270,7/15/13,0.0035579279999999997
3271,7/16/13,0.001980233
3272,7/17/13,-0.0007478539999999999
3273,7/18/13,-0.0040650320000000005
3274,7/19/13,0.010439740999999999
3275,7/22/13,0.006872983
3276,7/23/13,-0.0012560380000000001
3277,7/24/13,-0.011342194
3278,7/25/13,0.0023145870000000003
3279,7/26/13,0.003073018
3280,7/29/13,-0.005106357
3281,7/30/13,-0.0006971389999999999
3282,7/31/13,0.0023350529999999997
3283,8/1/13,-0.009284497
3284,8/2/13,0.005328589
3285,8/5/13,-0.005348824
3286,8/6/13,-0.002990167
3287,8/7/13,0.002951294
3288,8/8/13,0.00679743
3289,8/9/13,0.000714802
3290,8/12/13,0.000366341
3291,8/13/13,-0.009253564
3292,8/14/13,0.002015596
3293,8/15/13,-0.005892898000000001
3294,8/16/13,-0.001247604
3295,8/19/13,-0.0069851819999999995
3296,8/20/13,0.006050166
3297,8/21/13,-0.007694429
3298,8/22/13,0.008443161999999999
3299,8/23/13,0.010141249
3300,8/26/13,0.003196321
3301,8/27/13,0.005180173
3302,8/28/13,-0.003456448
3303,8/29/13,0.003034936
3304,8/30/13,-0.003816912
3306,9/3/13,-0.003503815
3307,9/4/13,-0.0021733810000000003
3308,9/5/13,-0.010740652
3309,9/6/13,0.005957061
3310,9/9/13,0.002012287
3311,9/10/13,-0.005606235
3312,9/11/13,0.005321076
3313,9/12/13,-0.006910573000000001
3314,9/13/13,0.002548154
3315,9/16/13,-0.005043647
3316,9/17/13,0.00500132
3317,9/18/13,0.018696232
3318,9/19/13,-0.004074589
3319,9/20/13,-0.0046923
3320,9/23/13,0.001847965
3321,9/24/13,0.005508756
3322,9/25/13,0.002467454
3323,9/26/13,-0.0038740209999999996
3324,9/27/13,0.001879786
3325,9/30/13,-0.00323904
3326,10/1/13,-0.005417951
3327,10/2/13,0.004781152
3328,10/3/13,-0.002633226
3329,10/4/13,0.00042313400000000003
3330,10/7/13,0.00226837
3331,10/8/13,-0.002921495
3332,10/9/13,-0.0067561240000000005
3333,10/10/13,0.003800741
3334,10/11/13,-0.001474968
3335,10/14/13,-0.0029709470000000003
3336,10/15/13,-0.0008482419999999999
3337,10/16/13,0.009895967
3338,10/17/13,0.012073718
3339,10/18/13,0.002195116
3340,10/21/13,-0.0017467960000000001
3341,10/22/13,0.010632041000000002
3342,10/23/13,-0.0008434989999999999
3343,10/24/13,0.000600775
3344,10/25/13,0.00376511
3345,10/28/13,-0.0012652610000000002
3346,10/29/13,0.00047922199999999996
3347,10/30/13,-0.004540001
3348,10/31/13,-0.002748313
3349,11/1/13,-0.007368601
3350,11/4/13,0.001039753
3351,11/5/13,-0.0075192869999999995
3352,11/6/13,0.001836719
3353,11/7/13,-0.000412014
3354,11/8/13,-0.012315733
3355,11/11/13,-0.002220443
3356,11/12/13,-0.000446147
3357,11/13/13,0.004697837
3358,11/14/13,0.00676802
3359,11/15/13,0.002016418
3360,11/18/13,-0.00042034900000000004
3361,11/19/13,-0.0046810409999999995
3362,11/20/13,-0.014036163
3363,11/21/13,0.003330343
3364,11/22/13,0.006183971
3365,11/25/13,0.0020805660000000003
3366,11/26/13,0.001162007
3367,11/27/13,-0.000849112
3369,11/29/13,0.0017966770000000002
3370,12/2/13,-0.009572989
3371,12/3/13,0.002070727
3372,12/4/13,-0.002027355
3373,12/5/13,-0.004833142
3374,12/6/13,0.005420839
3375,12/9/13,0.003393524
3376,12/10/13,0.006596773
3377,12/11/13,-0.008300001999999999
3378,12/12/13,-0.007008604
3379,12/13/13,0.004166871
3380,12/16/13,0.000277713
3381,12/17/13,-0.00022429400000000002
3382,12/18/13,-0.000660412
3383,12/19/13,-0.00518445
3384,12/20/13,0.011945923999999998
3385,12/23/13,-0.002299802
3386,12/24/13,-0.002582491
3388,12/26/13,0.000138503
3389,12/27/13,-0.0008620660000000001
3390,12/30/13,0.000558455
3391,12/31/13,-0.001446337
3393,1/2/14,0.0018973529999999998
3394,1/3/14,0.0016512329999999998
3395,1/6/14,0.00205812
3396,1/7/14,0.0016296879999999998
3397,1/8/14,-0.0029734659999999997
3398,1/9/14,0.0033493000000000004
3399,1/10/14,0.010215346
3400,1/13/14,0.001038619
3401,1/14/14,-0.001780736
3402,1/15/14,0.00035
3403,1/16/14,0.003505644
3404,1/17/14,0.003253417
3406,1/21/14,-0.000650511
3407,1/22/14,-0.001414189
3408,1/23/14,0.009698394
3409,1/24/14,-0.000523063
3410,1/27/14,-0.007585946999999999
3411,1/28/14,0.003106696
3412,1/29/14,0.004437164
3413,1/30/14,-0.003380708
3414,1/31/14,0.002547723
3415,2/3/14,0.003240313
3416,2/4/14,-0.004008795999999999
3417,2/5/14,-0.004646384
3418,2/6/14,0.000561554
3419,2/7/14,0.005429001
3420,2/10/14,0.002584698
3421,2/11/14,0.001978212
3422,2/12/14,-0.002211379
3423,2/13/14,0.006294748
3424,2/14/14,0.004082469
3426,2/18/14,0.0030704940000000004
3427,2/19/14,-0.005221274000000001
3428,2/20/14,0.0022939220000000003
3429,2/21/14,0.002424442
3430,2/24/14,0.002269374
3431,2/25/14,0.004691481
3432,2/26/14,0.001263975
3433,2/27/14,0.00400742
3434,2/28/14,4.81552e-05
3435,3/3/14,0.006736004
3436,3/4/14,-0.007087993000000001
3437,3/5/14,0.00099
3438,3/6/14,-0.00237998
3439,3/7/14,-0.005248488000000001
3440,3/10/14,0.00015104
3441,3/11/14,0.001265797
3442,3/12/14,0.006465248000000001
3443,3/13/14,0.00495968
3444,3/14/14,0.001428158
3445,3/17/14,-0.004954579000000001
3446,3/18/14,0.0026255740000000003
3447,3/19/14,-0.009076556
3448,3/20/14,-0.00045415900000000004
3449,3/21/14,0.00588788
3450,3/24/14,-0.000922283
3451,3/25/14,-0.000471264
3452,3/26/14,0.000764102
3453,3/27/14,0.001497053
3454,3/28/14,-0.002025809
3455,3/31/14,-0.0006380569999999999
3456,4/1/14,-0.003887317
3457,4/2/14,-0.001058915
3458,4/3/14,0.0015975579999999998
3459,4/4/14,0.0033269009999999997
3460,4/7/14,-0.0005935280000000001
3461,4/8/14,0.004714785
3462,4/9/14,0.000519897
3463,4/10/14,0.00114209
3464,4/11/14,0.00172945
3465,4/14/14,0.002031121
3466,4/15/14,0.00135632
3467,4/16/14,0.00315917
3468,4/17/14,-0.006438269
3470,4/21/14,-0.000525916
3471,4/22/14,0.0021899379999999998
3472,4/23/14,0.0023870429999999997
3473,4/24/14,0.0028869440000000002
3474,4/25/14,-0.000301069
3475,4/28/14,-0.003288111
3476,4/29/14,0.0005027440000000001
3477,4/30/14,0.00172833
3478,5/1/14,0.004656756
3479,5/2/14,0.005178223
3480,5/5/14,-0.001211131
3481,5/6/14,-0.00021444900000000002
3482,5/7/14,-0.003431161
3483,5/8/14,-0.0030408040000000002
3484,5/9/14,-0.0015694429999999998
3485,5/12/14,0.0017704779999999998
3486,5/13/14,0.004216325
3487,5/14/14,0.006648116999999999
3488,5/15/14,0.000261
3489,5/16/14,-0.0008999860000000001
3490,5/19/14,-0.0028259709999999996
3491,5/20/14,-0.000187242
3492,5/21/14,-0.0018779729999999998
3493,5/22/14,0.00046129900000000003
3494,5/23/14,0.003874543
3496,5/27/14,-2.79517e-06
3497,5/28/14,0.005310774
3498,5/29/14,-0.0020244620000000003
3499,5/30/14,-0.0014466770000000002
3500,6/2/14,-0.004895639
3501,6/3/14,-0.006164106
3502,6/4/14,-0.000236396
3503,6/5/14,0.003519209
3504,6/6/14,0.001311955
3505,6/9/14,-7.3952e-05
3506,6/10/14,-0.000988734
3507,6/11/14,8.7105e-05
3508,6/12/14,0.005927567
3509,6/13/14,0.000936275
3510,6/16/14,0.000845597
3511,6/17/14,-0.003558284
3512,6/18/14,0.006574169
3513,6/19/14,0.000669195
3514,6/20/14,0.003983336
3515,6/23/14,-0.0014210310000000001
3516,6/24/14,0.004122374
3517,6/25/14,0.0025803320000000003
3518,6/26/14,0.001771297
3519,6/27/14,-0.000425959
3520,6/30/14,0.003108052
3521,7/1/14,-0.0035444459999999997
3522,7/2/14,-0.005906374
3523,7/3/14,-0.001665698
3525,7/7/14,0.0020386479999999997
3526,7/8/14,0.004181544000000001
3527,7/9/14,0.002113148
3528,7/10/14,0.00030416
3529,7/11/14,0.00339955
3530,7/14/14,-0.005508609
3531,7/15/14,-0.003992909
3532,7/16/14,0.004143635
3533,7/17/14,0.00750403
3534,7/18/14,-0.00116572
3535,7/21/14,0.002719283
3536,7/22/14,0.001068374
3537,7/23/14,-0.00019073200000000002
3538,7/24/14,-0.0059055719999999996
3539,7/25/14,0.00753646
3540,7/28/14,-0.00123169
3541,7/29/14,0.000367766
3542,7/30/14,-0.008028822
3543,7/31/14,-0.008547566999999999
3544,8/1/14,0.0046017820000000004
3545,8/4/14,-2.6165700000000003e-05
3546,8/5/14,-0.000684817
3547,8/6/14,0.003510008
3548,8/7/14,0.004681676
3549,8/8/14,0.001125804
3550,8/11/14,0.000495329
3551,8/12/14,-0.004170012
3552,8/13/14,0.005293025
3553,8/14/14,0.00467692
3554,8/15/14,0.0047953940000000006
3555,8/18/14,-0.004583714
3556,8/19/14,-0.000843568
3557,8/20/14,-0.000884105
3558,8/21/14,0.001556965
3559,8/22/14,0.003016638
3560,8/25/14,0.002543979
3561,8/26/14,-0.000339
3562,8/27/14,0.004439266
3563,8/28/14,0.003638873
3564,8/29/14,0.00092047
3566,9/2/14,-0.013226433999999999
3567,9/3/14,0.0037425859999999996
3568,9/4/14,-0.008207256
3569,9/5/14,0.0008230000000000001
3570,9/8/14,-0.002577406
3571,9/9/14,-0.00222697
3572,9/10/14,-0.0038911270000000003
3573,9/11/14,-0.002894651
3574,9/12/14,-0.009179547
3575,9/15/14,0.000711277
3576,9/16/14,0.00027252
3577,9/17/14,-0.003437117
3578,9/18/14,0.002628905
3579,9/19/14,0.005032127
3580,9/22/14,-0.0022799070000000003
3581,9/23/14,0.0030896709999999996
3582,9/24/14,-0.00185465
3583,9/25/14,0.0032536559999999997
3584,9/26/14,0.00037302900000000004
3585,9/29/14,0.004169425
3586,9/30/14,-0.006402035
3587,10/1/14,0.008096049000000001
3588,10/2/14,-0.004789387
3589,10/3/14,0.000686746
3590,10/6/14,0.0029961259999999996
3591,10/7/14,0.004060249
3592,10/8/14,0.005366066
3593,10/9/14,-0.007271662
3594,10/10/14,0.00223
3595,10/13/14,0.001211242
3596,10/14/14,0.003362591
3597,10/15/14,0.002838678
3598,10/16/14,-0.0019238229999999999
3599,10/17/14,-0.000705905
3600,10/20/14,0.004985758
3601,10/21/14,0.000957555
3602,10/22/14,-0.002893337
3603,10/23/14,-0.0026373620000000003
3604,10/24/14,0.0014199999999999998
3605,10/27/14,4.14279e-05
3606,10/28/14,9.208469999999999e-05
3607,10/29/14,-0.001140624
3608,10/30/14,-0.000696781
3609,10/31/14,-0.003016954
3610,11/3/14,-0.001270848
3611,11/4/14,9.58147e-05
3612,11/5/14,-0.003664588
3613,11/6/14,-0.002137324
3614,11/7/14,0.011873795
3615,11/10/14,-0.008991315
3616,11/11/14,0.0035875779999999997
3617,11/12/14,-0.0015959379999999999
3618,11/13/14,0.000398423
3619,11/14/14,0.008014628000000001
3620,11/17/14,-0.002298199
3621,11/18/14,0.004124117
3622,11/19/14,-0.0065020009999999994
3623,11/20/14,0.005870964
3624,11/21/14,0.005879159
3625,11/24/14,0.000262486
3626,11/25/14,0.004535334
3627,11/26/14,0.0014356120000000002
3629,11/28/14,-0.004374643
3630,12/1/14,0.0038602190000000002
3631,12/2/14,-0.007387305
3632,12/3/14,0.004673925
3633,12/4/14,0.003251477
3634,12/5/14,-0.005120544
3635,12/8/14,0.006114895
3636,12/9/14,0.007227178000000001
3637,12/10/14,-0.001032667
3638,12/11/14,0.002204001
3639,12/12/14,0.002785466
3640,12/15/14,-0.008538119
3641,12/16/14,0.00551281
3642,12/17/14,-0.000841411
3643,12/18/14,-0.002953523
3644,12/19/14,0.008295602
3645,12/22/14,-0.003181077
3646,12/23/14,-0.009093136
3647,12/24/14,0.002209988
3649,12/26/14,0.006031646999999999
3650,12/29/14,0.0019390339999999999
3651,12/30/14,0.002846881
3652,12/31/14,-0.004289848
3654,1/2/15,0.005847563
3655,1/5/15,0.00655422
3656,1/6/15,0.008991706
3657,1/7/15,8.82909e-05
3658,1/8/15,-0.003700273
3659,1/9/15,0.006042906999999999
3660,1/12/15,0.0022519610000000002
3661,1/13/15,-0.001388392
3662,1/14/15,0.003172678
3663,1/15/15,0.010071168
3664,1/16/15,-0.00021060099999999998
3666,1/20/15,0.009145364
3667,1/21/15,-0.004706511
3668,1/22/15,0.002896405
3669,1/23/15,0.004486051
3670,1/26/15,-0.0028017259999999996
3671,1/27/15,0.000751046
3672,1/28/15,0.003325129
3673,1/29/15,-0.0057600590000000005
3674,1/30/15,0.012092278
3675,2/2/15,-0.000283339
3676,2/3/15,-0.008301755
3677,2/4/15,-0.00035499999999999996
3678,2/5/15,-0.002259423
3679,2/6/15,-0.014789293
3680,2/9/15,-0.0004983640000000001
3681,2/10/15,-0.003844213
3682,2/11/15,-0.001629205
3683,2/12/15,0.0017121929999999999
3684,2/13/15,-0.002703838
3686,2/17/15,-0.010774556999999999
3687,2/18/15,0.0030893129999999998
3688,2/19/15,-0.004418218
3689,2/20/15,0.00147
3690,2/23/15,0.005899368
3691,2/24/15,0.007213946999999999
3692,2/25/15,0.003841418
3693,2/26/15,-0.007273853
3694,2/27/15,0.004487114
3695,3/2/15,-0.010163696
3696,3/3/15,-0.0028006090000000003
3697,3/4/15,-0.0018435320000000002
3698,3/5/15,-0.0007435860000000001
3699,3/6/15,-0.020687139
3700,3/9/15,0.005727315
3701,3/10/15,0.0019076470000000002
3702,3/11/15,0.00286535
3703,3/12/15,0.002054105
3704,3/13/15,-0.003793699
3705,3/16/15,0.007670329
3706,3/17/15,0.002510095
3707,3/18/15,0.018121868
3708,3/19/15,-0.0046288020000000004
3709,3/20/15,0.007613165
3710,3/23/15,0.0008762110000000001
3711,3/24/15,0.0039428729999999995
3712,3/25/15,-0.007468215
3713,3/26/15,-0.006725462
3714,3/27/15,0.005301364
3715,3/30/15,-0.0016777720000000001
3716,3/31/15,-0.0016992860000000002
3717,4/1/15,0.010883816000000001
3718,4/2/15,-0.005753632
3720,4/6/15,0.0016438020000000002
3721,4/7/15,0.00307539
3722,4/8/15,-0.0011055680000000001
3723,4/9/15,-0.0074150330000000006
3724,4/10/15,0.004590837
3725,4/13/15,-0.001765976
3726,4/14/15,0.00320178
3727,4/15/15,0.003513413
3728,4/16/15,-0.0027600000000000003
3729,4/17/15,0.004329368
3730,4/20/15,-0.004599741
3731,4/21/15,-0.0018042289999999999
3732,4/22/15,-0.009511308000000001
3733,4/23/15,0.005093539
3734,4/24/15,0.0008449180000000001
3735,4/27/15,0.002690376
3736,4/28/15,-0.0049779659999999995
3737,4/29/15,-0.008399133
3738,4/30/15,-0.004345054
3739,5/1/15,-0.005834848
3740,5/4/15,-0.002552144
3741,5/5/15,-0.0023249029999999997
3742,5/6/15,-0.009784744
3743,5/7/15,0.00545256
3744,5/8/15,0.005452047
3745,5/11/15,-0.014813621
3746,5/12/15,0.002980417
3747,5/13/15,-0.000657
3748,5/14/15,0.004998558
3749,5/15/15,0.011422139
3750,5/18/15,-0.008250483000000001
3751,5/19/15,-0.008706018000000001
3752,5/20/15,0.000933239
3753,5/21/15,0.00806761
3754,5/22/15,-0.00100538
3756,5/26/15,0.00282936
3757,5/27/15,0.0023777029999999997
3758,5/28/15,-0.000967909
3759,5/29/15,0.000577409
3760,6/1/15,-0.005454851
3761,6/2/15,-0.006075395
3762,6/3/15,-0.009889301
3763,6/4/15,0.0032567440000000002
3764,6/5/15,-0.00737277
3765,6/8/15,-0.0013465179999999999
3766,6/9/15,-0.003001293
3767,6/10/15,-0.00010171799999999999
3768,6/11/15,0.010347862
3769,6/12/15,-0.002081065
3770,6/15/15,0.00043144099999999996
3771,6/16/15,0.004809213
3772,6/17/15,-0.002628643
3773,6/18/15,0.002044611
3774,6/19/15,0.004956182
3775,6/22/15,-0.011711068
3776,6/23/15,-0.00349606
3777,6/24/15,0.001990616
3778,6/25/15,-0.002723715
3779,6/26/15,-0.005607458
3780,6/29/15,0.010016724
3781,6/30/15,-0.0029588490000000004
3782,7/1/15,-0.00710772
3783,7/2/15,0.0009814539999999999
3785,7/6/15,0.0078001369999999995
3786,7/7/15,0.003655841
3787,7/8/15,0.001171811
3788,7/9/15,-0.008817964000000001
3789,7/10/15,-0.005234246
3790,7/13/15,3.2954e-05
3791,7/14/15,0.002115381
3792,7/15/15,0.0035769390000000003
3793,7/16/15,0.00426498
3794,7/17/15,0.000557075
3795,7/20/15,-0.008332328
3796,7/21/15,0.001569095
3797,7/22/15,0.001085515
3798,7/23/15,0.003971117
3799,7/24/15,0.00038396800000000005
3800,7/27/15,-0.000650374
3801,7/28/15,-0.000467595
3802,7/29/15,-3.5753699999999997e-06
3803,7/30/15,0.002414755
3804,7/31/15,0.0040746820000000005
3805,8/3/15,0.002296078
3806,8/4/15,-0.0038367790000000002
3807,8/5/15,-0.004149826
3808,8/6/15,0.003685017
3809,8/7/15,0.006560451
3810,8/10/15,-0.000594247
3811,8/11/15,0.006604953
3812,8/12/15,-0.000193177
3813,8/13/15,-0.003854905
3814,8/14/15,0.00167332
3815,8/17/15,0.004060837
3816,8/18/15,-0.0050869190000000005
3817,8/19/15,0.005151277
3818,8/20/15,0.004036212
3819,8/21/15,-0.004585731
3820,8/24/15,-0.011495367
3821,8/25/15,-0.013243588999999998
3822,8/26/15,-0.005209076
3823,8/27/15,0.007896315
3824,8/28/15,0.005013046
3825,8/31/15,-0.004057749
3826,9/1/15,-0.0039634
3827,9/2/15,-0.000930721
3828,9/3/15,0.00189543
3829,9/4/15,0.000351856
3831,9/8/15,-0.001797298
3832,9/9/15,-0.003686497
3833,9/10/15,-0.0014591460000000001
3834,9/11/15,0.0038437690000000004
3835,9/14/15,-0.000653905
3836,9/15/15,-0.007754837
3837,9/16/15,0.0033865709999999997
3838,9/17/15,0.00770687
3839,9/18/15,0.0051846520000000005
3840,9/21/15,-0.008255775
3841,9/22/15,0.0027701659999999997
3842,9/23/15,-0.000198867
3843,9/24/15,0.007172021
3844,9/25/15,-0.005838374
3845,9/28/15,-6.34654e-05
3846,9/29/15,0.001085698
3847,9/30/15,0.000715591
3848,10/1/15,0.002079781
3849,10/2/15,0.010835059
3850,10/5/15,-0.0027269359999999997
3851,10/6/15,0.004652504
3852,10/7/15,-0.00016602700000000001
3853,10/8/15,-0.00323493
3854,10/9/15,0.004967078
3855,10/12/15,0.003875537
3856,10/13/15,-0.00015471299999999998
3857,10/14/15,0.006974696
3858,10/15/15,-0.000295347
3859,10/16/15,-0.000286372
3860,10/19/15,-0.0030848140000000004
3861,10/20/15,-0.002188296
3862,10/21/15,0.001338427
3863,10/22/15,0.004253651
3864,10/23/15,-0.002902105
3865,10/26/15,0.0027309609999999996
3866,10/27/15,0.0007443360000000001
3867,10/28/15,0.000237618
3868,10/29/15,-0.010935066
3869,10/30/15,0.0030285359999999996
3870,11/2/15,-0.001094379
3871,11/3/15,-0.005541273
3872,11/4/15,-0.002722606
3873,11/5/15,-0.002712751
3874,11/6/15,-0.010856388
3875,11/9/15,-0.005162507
3876,11/10/15,0.001540116
3877,11/11/15,-0.003310313
3878,11/12/15,-0.0015582410000000001
3879,11/13/15,-0.000287157
3880,11/16/15,0.003281138
3881,11/17/15,-0.002814086
3882,11/18/15,0.0050406240000000005
3883,11/19/15,0.005340704
3884,11/20/15,-0.001621985
3885,11/23/15,0.00033809599999999997
3886,11/24/15,0.0027603859999999997
3887,11/25/15,0.00042365699999999997
3889,11/27/15,-0.003351825
3890,11/30/15,0.0020399999999999997
3891,12/1/15,0.010579904
3892,12/2/15,-0.006333426
3893,12/3/15,-0.014992966000000002
3894,12/4/15,0.012838448
3895,12/7/15,-0.000777677
3896,12/8/15,-0.0010504569999999999
3897,12/9/15,-0.002781649
3898,12/10/15,0.000961155
3899,12/11/15,0.004450643
3900,12/14/15,-0.008894969
3901,12/15/15,-0.001404775
3902,12/16/15,0.004092102
3903,12/17/15,-0.00202829
3904,12/18/15,0.002383886
3905,12/21/15,0.0034145729999999997
3906,12/22/15,-0.003112017
3907,12/23/15,-0.0006986130000000001
3908,12/24/15,0.00413927
3910,12/28/15,-0.001204267
3911,12/29/15,-0.005588511
3912,12/30/15,-0.0042191320000000004
3913,12/31/15,0.000644533
3915,1/4/16,0.0027622759999999997
3916,1/5/16,-0.001698514
3917,1/6/16,0.005977687
3918,1/7/16,-0.002033209
3919,1/8/16,-0.001256177
3920,1/11/16,-0.009265455
3921,1/12/16,0.007803745
3922,1/13/16,0.000146043
3923,1/14/16,-0.0045319209999999995
3924,1/15/16,0.004325775
3926,1/19/16,-0.002553843
3927,1/20/16,0.005500879
3928,1/21/16,-0.001711482
3929,1/22/16,0.003577774
3930,1/25/16,-9.0036e-05
3931,1/26/16,0.006956864
3932,1/27/16,-0.001193535
3933,1/28/16,0.000273539
3934,1/29/16,0.011249508
3935,2/1/16,-0.0007504769999999999
3936,2/2/16,0.004600227
3937,2/3/16,0.00047628300000000003
3938,2/4/16,0.005290373
3939,2/5/16,-0.001279146
3940,2/8/16,0.010254375999999999
3941,2/9/16,-0.001674185
3942,2/10/16,0.006382398
3943,2/11/16,0.009364271
3944,2/12/16,-0.00476
3946,2/16/16,-0.008027036999999999
3947,2/17/16,0.002819453
3948,2/18/16,0.00992892
3949,2/19/16,-0.001175691
3950,2/22/16,0.000466646
3951,2/23/16,0.0015318439999999999
3952,2/24/16,0.00148234
3953,2/25/16,0.004954978
3954,2/26/16,-0.006689309
3955,2/29/16,0.003807687
3956,3/1/16,-0.005442826
3957,3/2/16,0.005208437
3958,3/3/16,0.0066275859999999995
3959,3/4/16,-0.0017779410000000001
3960,3/7/16,0.002328538
3961,3/8/16,0.001437469
3962,3/9/16,-0.002821338
3963,3/10/16,0.000721855
3964,3/11/16,-0.004670286
3965,3/14/16,-0.001577364
3966,3/15/16,-0.000603202
3967,3/16/16,0.008232892
3968,3/17/16,0.0038243009999999996
3969,3/18/16,0.0015212239999999998
3970,3/21/16,-0.00500972
3971,3/22/16,0.000811995
3972,3/23/16,-0.001360481
3973,3/24/16,-0.00067289
3975,3/28/16,0.001465404
3976,3/29/16,0.011389361
3977,3/30/16,-0.00761879
3978,3/31/16,0.004294168
3979,4/1/16,0.000582679
3980,4/4/16,-0.002687625
3981,4/5/16,0.0059901419999999995
3982,4/6/16,-0.001946923
3983,4/7/16,0.006435361
3984,4/8/16,-0.001568025
3985,4/11/16,0.001724622
3986,4/12/16,-0.000185802
3987,4/13/16,0.002723065
3988,4/14/16,-0.005760805999999999
3989,4/15/16,0.005529699999999999
3990,4/18/16,-0.000842538
3991,4/19/16,0.003210073
3992,4/20/16,-0.005408926
3993,4/21/16,-0.0037754459999999996
3994,4/22/16,-0.003738885
3995,4/25/16,-0.0022186529999999997
3996,4/26/16,-0.000281943
3997,4/27/16,0.006917398000000001
3998,4/28/16,0.004138965
3999,4/29/16,0.004348734
4000,5/2/16,-0.005079412
4001,5/3/16,0.003112285
4002,5/4/16,0.000495008
4003,5/5/16,0.002648529
4004,5/6/16,0.000646367
4005,5/9/16,-0.003323405
4006,5/10/16,0.004654159000000001
4007,5/11/16,0.004179807
4008,5/12/16,-0.003910511
4009,5/13/16,0.0040168240000000004
4010,5/16/16,-0.001572944
4011,5/17/16,1.33319e-05
4012,5/18/16,-0.011309109
4013,5/19/16,0.000901102
4014,5/20/16,0.002091311
4015,5/23/16,4.12679e-05
4016,5/24/16,-0.002711387
4017,5/25/16,-0.00022291
4018,5/26/16,0.002013328
4019,5/27/16,-0.001106945
4021,5/31/16,0.001521045
4022,6/1/16,0.0031600240000000004
4023,6/2/16,0.004234487
4024,6/3/16,0.012609448
4025,6/6/16,-0.002009833
4026,6/7/16,0.002142785
4027,6/8/16,0.007442144
4028,6/9/16,0.003915648
4029,6/10/16,0.000334629
4030,6/13/16,0.001942665
4031,6/14/16,-0.000976632
4032,6/15/16,0.0029026440000000002
4033,6/16/16,0.000195479
4034,6/17/16,-0.000181746
4035,6/20/16,-0.004754049000000001
4036,6/21/16,-0.006096294
4037,6/22/16,0.00011972299999999999
4038,6/23/16,-0.00379385
4039,6/24/16,0.014325163
4040,6/27/16,0.009761165
4041,6/28/16,0.0040600490000000005
4042,6/29/16,0.0015295270000000001
4043,6/30/16,0.005572331999999999
4044,7/1/16,0.011447121999999999
4046,7/5/16,0.004866189
4047,7/6/16,0.003552009
4048,7/7/16,-0.002556481
4049,7/8/16,0.009085382
4050,7/11/16,-0.005773335
4051,7/12/16,-0.008892361
4052,7/13/16,0.007119994
4053,7/14/16,-0.007873495999999999
4054,7/15/16,-0.005686226999999999
4055,7/18/16,0.00013700000000000002
4056,7/19/16,0.002444283
4057,7/20/16,-0.004848376
4058,7/21/16,0.002769887
4059,7/22/16,0.000429184
4060,7/25/16,-0.0029376370000000003
4061,7/26/16,0.0016310270000000002
4062,7/27/16,0.008818201999999999
4063,7/28/16,-0.001420373
4064,7/29/16,0.007404593
4065,8/1/16,-0.006739307
4066,8/2/16,-0.005662874
4067,8/3/16,0.001204041
4068,8/4/16,0.004815601
4069,8/5/16,-0.006829416
4070,8/8/16,0.001031301
4071,8/9/16,0.0060191640000000005
